seed,best_fitness,final_fitness,runtime,diversity,top_mofs,fitness_history
3,0.6674550586318361,0.6674550586318361,4.182816982269287,0.0,"['ILINEY', 'ILINEY', 'ILINEY', 'ILINEY', 'ILINEY']","[0.5934243742560349, 0.6673164450027504, 0.6359849460291234, 0.6463745045037569, 0.6560015478383043, 0.64664793803445, 0.6575196100975342, 0.6566086894026214, 0.6558802943376434, 0.6482037427836632, 0.6661965758772416, 0.66306389077234, 0.6551459715860497, 0.6643215669370385, 0.6528972531674587, 0.6514873337662148, 0.6648502895538481, 0.6540525917376229, 0.6538700516089111, 0.6625507389302332, 0.6623613999494051, 0.6621711063604597, 0.6627614532778879, 0.663958138332874, 0.6629717053015531, 0.6616062119837343, 0.6535058312567956, 0.6622412727121458, 0.6628309812918611, 0.6560837155915856, 0.6647289914419944, 0.6640357811082501, 0.6644469068498166, 0.6657931829283958, 0.6649141496856731, 0.6634388828594476, 0.6632626531391698, 0.6645104050812858, 0.6642529812858395, 0.6645339323538945, 0.6643451444584499, 0.6629459945940623, 0.6642827260440332, 0.6638885009450309, 0.6649496843915089, 0.6651289627391095, 0.6646204888279352, 0.6647313141137857, 0.6652431616869124, 0.654119404197746, 0.6653886244173345, 0.6644961419410591, 0.6646917571356675, 0.6636835356734704, 0.6631450493724038, 0.6650101740249283, 0.6636438232496795, 0.6636835356734704, 0.664941304301256, 0.6650100649463784, 0.6660025395084541, 0.6670380901914625, 0.6656946867813308, 0.6656886431185103, 0.6647438865091655, 0.664960555656595, 0.664090383990165, 0.664090383990165, 0.664090383990165, 0.6644409429227763, 0.6639672763291292, 0.6644047166995197, 0.6560899612427333, 0.6651105724716738, 0.6651105724716738, 0.6641432933166146, 0.6639213586362636, 0.6665372190305056, 0.664278754014374, 0.6647262762169559, 0.665209219282413, 0.6639786410857454, 0.6650229406457526, 0.6544746353538858, 0.6561491559387694, 0.6558211807616925, 0.6662212747756505, 0.6657167466400121, 0.6657167466400121, 0.6674550586318361, 0.6655823867915225, 0.6660298189243041, 0.6655823867915225, 0.6655790274433719, 0.6643590434147466, 0.6656451901499756, 0.6657738792583179, 0.6662869032821988, 0.6646915769222634, 0.66617752584702]"
