seed,best_fitness,final_fitness,runtime,diversity,top_mofs,fitness_history
22,0.6586366691499311,0.6586366691499311,4.220414161682129,0.0,"['ILINEY', 'ILINEY', 'ILINEY', 'ILINEY', 'ILINEY']","[0.5640780839895013, 0.6198898422625913, 0.6367644394209068, 0.648814954721353, 0.6477761167972778, 0.6475800246724955, 0.6392860861896988, 0.647748688525744, 0.6470925271305593, 0.6468096306267291, 0.6474854454117911, 0.645875857600751, 0.6465513903507794, 0.6489686749050767, 0.649235764720062, 0.6489113020075059, 0.6470497647611518, 0.6469799789859793, 0.646700168351119, 0.6470043081568332, 0.6467777446995586, 0.6386858472800715, 0.637104941486111, 0.6471792195757937, 0.6468735719993951, 0.6469495849626035, 0.6480480611058514, 0.6380796491873528, 0.6380796491873528, 0.6470594321896981, 0.6474897615469034, 0.6459999313854382, 0.6476228668505427, 0.6570302797820519, 0.6484131043210276, 0.6561181137994615, 0.6463423417286693, 0.6450668678508559, 0.6548224341053666, 0.6325329271454432, 0.6445109536122832, 0.6539210659718336, 0.6563149973128416, 0.6536989244934986, 0.6544343662713829, 0.6531904963935787, 0.6532918916112692, 0.6553681360194121, 0.6446969527557153, 0.6545031702428012, 0.6576880476471499, 0.6543967206925864, 0.6542113982044989, 0.6546205335859343, 0.6545995259571428, 0.6561648664080161, 0.654026640887858, 0.6550290309827247, 0.6540333827495348, 0.654006477461152, 0.6457562971159136, 0.6544243714238074, 0.6549452604752624, 0.6549064956875807, 0.6551789106208044, 0.6540078078277775, 0.6465383153954043, 0.6542639486175917, 0.6556096139931238, 0.6483871715087146, 0.6479124518867915, 0.6550249057404552, 0.6577541576664464, 0.6556612916313752, 0.6566323819338846, 0.6478830918700487, 0.6565855366966635, 0.6539467676885706, 0.6554619776518463, 0.6543234459798069, 0.6545001242109739, 0.6570286396257781, 0.6559288491948139, 0.6567206006801692, 0.6559847792933733, 0.6581503324574137, 0.6579197961385016, 0.6586366691499311, 0.6556753466836376, 0.6565620675865487, 0.6572413032330459, 0.6581761909740165, 0.6571044024733048, 0.657091589675276, 0.6562596423213914, 0.656678705742444, 0.6571044024733048, 0.6571006902372207, 0.6558693665045512, 0.6478572556860779]"
