seed,best_fitness,final_fitness,runtime,diversity,top_mofs,fitness_history
14,0.6593121350480619,0.6593121350480619,4.17018985748291,0.0,"['ILINEY', 'ILINEY', 'ILINEY', 'ILINEY', 'ILINEY']","[0.5947143445034487, 0.5800128380719849, 0.6176282000685969, 0.607338905686662, 0.6072329280142565, 0.5846105135082733, 0.6244557725779946, 0.6452654224202157, 0.6244680266755588, 0.6314707423063226, 0.6450697674202187, 0.6430252105047818, 0.6372511942215505, 0.6441015516273223, 0.6409397854585411, 0.6293005769975102, 0.6542110415348881, 0.6325625428541178, 0.6519167239449661, 0.6533941414347155, 0.6545041384768187, 0.6428424733502419, 0.643435851997489, 0.6454263778581508, 0.6432977921884245, 0.6432977921884245, 0.6527439151801566, 0.6537971971329428, 0.6439638325387642, 0.6523008052929682, 0.6527195925100299, 0.6550094944986957, 0.6561581691987999, 0.6559065897754609, 0.6476168620496182, 0.654141073889386, 0.6552695153292384, 0.6541092378303106, 0.6544204198022956, 0.6474528978056991, 0.646426006354288, 0.6547609629646931, 0.6572026616342463, 0.6554320007340143, 0.6535296132057781, 0.6556150666294529, 0.6572866746716765, 0.6582178531532015, 0.6551980026491847, 0.6560621036451709, 0.6549175840093064, 0.6549778430616189, 0.6575359497164405, 0.6569982696079256, 0.6479861786214005, 0.6479861786214005, 0.6550889729903487, 0.6572996405773778, 0.65568252166874, 0.658045250195977, 0.6570022808331164, 0.65550447256165, 0.6581775369459003, 0.6545147027658681, 0.656042267287845, 0.65561403139488, 0.654568426027571, 0.654409230514439, 0.6565697434123999, 0.6580129962445967, 0.6570833074772064, 0.6573657652637691, 0.6555499290315423, 0.6551320987061164, 0.6550174777779055, 0.6552742518059363, 0.6551192328615186, 0.655344394652663, 0.6551192328615186, 0.6462843673414478, 0.6456073654183551, 0.6444688956973119, 0.6559888932350191, 0.6574347949569629, 0.657280440672082, 0.657280440672082, 0.6593121350480619, 0.657848718069366, 0.646322744043392, 0.6550980371599838, 0.6553361459570629, 0.656092114310021, 0.6564101000180186, 0.6567439111848699, 0.6563282164364359, 0.6551726070530413, 0.6552110307191596, 0.6569297433916653, 0.6471193353547015, 0.6585456789094858]"
