seed,best_fitness,final_fitness,runtime,diversity,top_mofs,fitness_history
28,0.65599462496571,0.65599462496571,4.15109395980835,0.0,"['ILINEY', 'ILINEY', 'ILINEY', 'ILINEY', 'ILINEY']","[0.5060515538057743, 0.5837799020855886, 0.6072755731240413, 0.6291975684004143, 0.638528715508415, 0.6212749793475907, 0.6221332701674428, 0.637178776986975, 0.6242803690010198, 0.6290341320161571, 0.6178801104894035, 0.6386127461317948, 0.6256061256362673, 0.6290745605487972, 0.6445003808560261, 0.6176690169056184, 0.6372019605612859, 0.6282126446415129, 0.6366808399210416, 0.6272203457530195, 0.6280546362350556, 0.6452476729160962, 0.641747475751989, 0.6269857086632847, 0.6287404205996874, 0.6364647372610569, 0.6480895173654196, 0.6466155761144002, 0.6450381580301614, 0.6440069252355175, 0.6352230832173346, 0.6440913262049702, 0.6354723448414932, 0.6468690988239587, 0.6450191315045576, 0.6446257380407407, 0.644960425794195, 0.6446280474295987, 0.6444414569914775, 0.6446076015027719, 0.6386461779914107, 0.6445973509437938, 0.6461883117637974, 0.6449578635933831, 0.6536541390081511, 0.6426823419569048, 0.644525993549903, 0.6462110914814412, 0.645337034844181, 0.6454458311009106, 0.6445628085184042, 0.6472095768735973, 0.6557498984742277, 0.6539233820663324, 0.6457260542350883, 0.6489332962450908, 0.646296595006554, 0.6481149148530367, 0.646573518151091, 0.6456748693096448, 0.6549158756328155, 0.6478285069412345, 0.6452024164067284, 0.654764170687741, 0.6423850688623094, 0.6443563213234306, 0.646532777624595, 0.6442205980080025, 0.6435735401988777, 0.6435979265384391, 0.6441604693818215, 0.6435979265384391, 0.6442472227044486, 0.6465817897221989, 0.6434998022194056, 0.6436367570289807, 0.6448399272103538, 0.6454738926909526, 0.6436100655548964, 0.6439790771054776, 0.6459378190978363, 0.6456055788889218, 0.6473219809281773, 0.6453067991334048, 0.6440300816498108, 0.6456261422275494, 0.6457414439984601, 0.6359416947013132, 0.6343105445518377, 0.6336396839669103, 0.6437697384069239, 0.6367647994375277, 0.637053798816474, 0.6389808957592489, 0.6483910081187995, 0.6464882900124216, 0.6483910081187995, 0.6475792968968603, 0.6442183783706901, 0.65599462496571]"
