seed,best_fitness,final_fitness,runtime,diversity,top_mofs,fitness_history
18,0.6679275785958829,0.6679275785958829,4.156013011932373,0.0,"['ILINEY', 'ILINEY', 'ILINEY', 'ILINEY', 'ILINEY']","[0.5854587432834941, 0.5714616189323641, 0.6569479167655297, 0.6376595659226385, 0.6570386906785081, 0.6562758816985745, 0.6674898602723696, 0.6576272120964075, 0.665212836357275, 0.6643990377424966, 0.6622410794437478, 0.6619062727609955, 0.658769171694105, 0.6679275785958829, 0.665083857629855, 0.66445822585163, 0.653697467678955, 0.6657466821060204, 0.6672869721139263, 0.6669926323942204, 0.6564687686422073, 0.66594924308172, 0.6659808416614948, 0.6542298097395071, 0.6559149767166381, 0.6550697529859769, 0.6559985969033102, 0.6541773554870575, 0.6658964350874934, 0.6570986938169618, 0.6651463346550586, 0.6644552690646925, 0.6655631571457371, 0.6645195420733998, 0.6632704532977622, 0.6651463346550586, 0.65594122262981, 0.6653513349893606, 0.6652762750030071, 0.6558661626434565, 0.6654491993591898, 0.6552185124146858, 0.6671448808911261, 0.6655967389520003, 0.6649044936871668, 0.6571890130698389, 0.6664829609141708, 0.6649886457904655, 0.6578974342650155, 0.6666764553801227, 0.6668301790314881, 0.6667728945055281, 0.6679012403732857, 0.6657684793822182, 0.666393790973673, 0.6651972932426565, 0.6651972932426565, 0.6653238770257826, 0.6669653650119663, 0.6652276284469856, 0.6660721333396844, 0.6666157554280111, 0.6665549483124533, 0.6655373853672828, 0.6651407593691818, 0.66602891564138, 0.6668168587393004, 0.6672980657951312, 0.6668851837007035, 0.6659958856304321, 0.6658859524113614, 0.6657342363518669, 0.6669007224153471, 0.6659399192505812, 0.666817879801302, 0.6667807654513944, 0.6660178019932999, 0.6652698619610717, 0.6656322689592119, 0.6657892570625437, 0.6673948315653545, 0.6555009249369886, 0.6551798171210816, 0.6668785314328981, 0.6570162970471992, 0.6654593285688917, 0.6664636276927276, 0.6650232310800134, 0.6654862954852151, 0.6648009201954067, 0.6649054979428966, 0.6658317645270523, 0.6565901128659384, 0.6658317645270523, 0.6656137110717031, 0.665795519179653, 0.6675307486630112, 0.6655472169874017, 0.6662435713422616, 0.6667665371259233]"
