seed,best_fitness,final_fitness,runtime,diversity,top_mofs,fitness_history
13,0.659286404792516,0.659286404792516,4.1587159633636475,0.0,"['ILINEY', 'ILINEY', 'ILINEY', 'ILINEY', 'ILINEY']","[0.5543296165252072, 0.5988455524274809, 0.6085472839802178, 0.6172726842725875, 0.6085985610810548, 0.6070035702110815, 0.6080747148061981, 0.6071509976218323, 0.6352509583007444, 0.6342428869670277, 0.6433119230038202, 0.639175168100346, 0.6350872574975646, 0.6416699971733683, 0.6478023175652795, 0.6460769309809227, 0.644449809430507, 0.6433653297661249, 0.6514431263654443, 0.6408068110365338, 0.6477213861351847, 0.6406643260189743, 0.6405215313597332, 0.644263814594414, 0.6436684214968501, 0.6418703830968681, 0.6457639926600441, 0.6531959276901163, 0.6514499617151406, 0.6459317709083683, 0.6504829104966597, 0.6448927519624758, 0.6445915770395908, 0.6444342782343842, 0.644865131050651, 0.647049064498626, 0.6444274175784479, 0.6444272254388894, 0.6448927179093933, 0.644771151320032, 0.645309608049891, 0.6444941445454028, 0.644771151320032, 0.6452034495251007, 0.6482340542330471, 0.6457108368613581, 0.654101332435347, 0.6531043485041467, 0.658595529251252, 0.6485142691792148, 0.6542109355211773, 0.6431750117120304, 0.6431750117120304, 0.6434143551908736, 0.6486455800462934, 0.650001953623356, 0.6473141282568508, 0.6498069738686528, 0.649601106471204, 0.6465785247848851, 0.6472148117310075, 0.6378046993714569, 0.6391043282363909, 0.6479489505434262, 0.659286404792516, 0.6487816536945691, 0.657858216980572, 0.6583291235027159, 0.6468601390496268, 0.6488439366831167, 0.648461521320081, 0.6470748004859043, 0.6470411130925092, 0.6555327411459133, 0.644928920930088, 0.6441533390377162, 0.6456641161349167, 0.6535763632154807, 0.6441285680442267, 0.643566135820121, 0.6458879102370867, 0.6452464729917732, 0.6369570611613268, 0.655204210563702, 0.6443435147788296, 0.6435707572565605, 0.645273560958573, 0.6447990763481547, 0.6445971881870747, 0.6453172607043673, 0.6468028549709494, 0.6540718783808027, 0.6364168544972005, 0.6445818287089805, 0.647249742560972, 0.647249742560972, 0.648262778027831, 0.6464603719961646, 0.6481113603178564, 0.6556165069124218]"
