seed,best_fitness,final_fitness,runtime,diversity,top_mofs,fitness_history
2,0.6700951083621811,0.6700951083621811,4.1613359451293945,0.0,"['ILINEY', 'ILINEY', 'ILINEY', 'ILINEY', 'ILINEY']","[0.6592535940507437, 0.6418833415233118, 0.6537407228059678, 0.6418695561001997, 0.6639820204823411, 0.6612907708263486, 0.6656302255326937, 0.6688510142419228, 0.6686095799006758, 0.6700951083621811, 0.6679297359355255, 0.6672900266744995, 0.6677425326502681, 0.6678371437135342, 0.6577936196776998, 0.6690880801414455, 0.6671979543998725, 0.658936631459396, 0.657940080645473, 0.667131800191816, 0.6692201053986331, 0.667422965321084, 0.6667400657049284, 0.6665684049643199, 0.6686949659395784, 0.6682998336311262, 0.6569468640132875, 0.6673262801214963, 0.6583535878859003, 0.6667850512460127, 0.6584020713642716, 0.6581407383084561, 0.6462848065444623, 0.6681191151488545, 0.6684310592767644, 0.6572575871282733, 0.6573991303872891, 0.6684310592767644, 0.6598853375995308, 0.668686208467928, 0.6689244205641115, 0.6676247736335135, 0.6587333947075598, 0.6678438477196723, 0.6570327111575209, 0.6570805346531526, 0.668027044084467, 0.6681777781013856, 0.6682748448667678, 0.6682105197532555, 0.6682275371675559, 0.6578762059513811, 0.6687226463000787, 0.6690281336995965, 0.6677489719722418, 0.6677489719722418, 0.6692451087575124, 0.6687427186450783, 0.6687175867925826, 0.6679538852594993, 0.6688445556595316, 0.6678985584796358, 0.6687247178575958, 0.6687759385719129, 0.6686596160929948, 0.668989162307414, 0.6680372739790125, 0.6685475064070249, 0.6674087368919863, 0.6679342843442131, 0.6673636643448158, 0.6691538134189168, 0.6571444489797882, 0.6680656962178326, 0.6665545613393388, 0.6568356341267354, 0.6653879442941493, 0.6679366030371479, 0.6669036414559648, 0.659255779139441, 0.6672874112343334, 0.6677586273449987, 0.6681254410953302, 0.6685275783930991, 0.6680638982835722, 0.6671109921213967, 0.6668706125249284, 0.6679659154213662, 0.6679914929086626, 0.6666073210487504, 0.6668134113301017, 0.668828204202917, 0.6689967887395255, 0.6682651441913983, 0.6686726311162422, 0.6681427326491255, 0.6675542255632927, 0.667806428815053, 0.668677837565932, 0.6686299715821346]"
