seed,best_fitness,final_fitness,runtime,diversity,top_mofs,fitness_history
12,0.6583975845296639,0.6583975845296639,4.161143064498901,0.0,"['ILINEY', 'ILINEY', 'ILINEY', 'ILINEY', 'ILINEY']","[0.5212270638670167, 0.5972985579501773, 0.577210631103316, 0.6186498754081363, 0.6132987906507709, 0.6126623826410792, 0.615436910442923, 0.633150568408042, 0.6491573858903883, 0.6458678854362585, 0.6310228125962328, 0.6535710874729171, 0.6545758948206646, 0.6536088758091392, 0.6529431458801171, 0.6514441992302906, 0.6402909218499289, 0.6536810123430138, 0.6430880859874204, 0.6423871700077813, 0.6510744482343923, 0.6553334835212368, 0.6535364886923268, 0.6540809728231658, 0.6573038228296724, 0.6436686730925787, 0.6546716813999035, 0.6417409612149485, 0.6545878333104248, 0.6547247249267191, 0.6457447829930291, 0.6554135049114335, 0.6542883366975057, 0.6534068921179673, 0.6534068921179673, 0.6538041132987727, 0.6540213821396501, 0.6535101181740556, 0.6460294995134314, 0.6441920395589031, 0.6548879219311978, 0.6458581804266658, 0.654340026207526, 0.6545904361099049, 0.6545073708561864, 0.6551747037113458, 0.6535216487238569, 0.6544884860176058, 0.6544884860176058, 0.6445364906629139, 0.6544745087139479, 0.6451480329088068, 0.6544634930630769, 0.6552747528602443, 0.6553337237125259, 0.6544087726845831, 0.6560964844557728, 0.6575198095763547, 0.6547591475827791, 0.6567563766303725, 0.6556937771551646, 0.6565567745306211, 0.6567032312760621, 0.6551302105783948, 0.6560589255128753, 0.6551285784586235, 0.6563720566116539, 0.6563598476778756, 0.6563598476778756, 0.657130655842554, 0.6566952418451784, 0.6474210635769018, 0.6549342978917674, 0.6577846806190902, 0.655763614617323, 0.655376428478009, 0.6549942110951453, 0.6557653201775341, 0.6583975845296639, 0.6566104508703894, 0.658069841244218, 0.6561192224323718, 0.6565430554668331, 0.6561791961524461, 0.6561791961524461, 0.6565510170227372, 0.6574829481515783, 0.6550877383155265, 0.6549384566735021, 0.6552187513385676, 0.6576211062536427, 0.6470124347758662, 0.6562201762453456, 0.6567978530049083, 0.6563818510757318, 0.647203620123706, 0.656470673999255, 0.6562684206581721, 0.6565594513042494, 0.6562478813096542]"
