seed,best_fitness,final_fitness,runtime,diversity,top_mofs,fitness_history
15,0.6680744308892832,0.6680744308892832,4.1719207763671875,0.0,"['ILINEY', 'ILINEY', 'ILINEY', 'ILINEY', 'ILINEY']","[0.6512292648884006, 0.64131482285329, 0.6071688355777978, 0.5869799825430367, 0.6469439404186645, 0.6632078973805655, 0.6637419774471409, 0.6560672628233675, 0.6533705143946106, 0.6526772764454324, 0.6642556423862667, 0.6553957093784227, 0.6633964540145781, 0.6639150252105268, 0.6519218992292278, 0.6524767927213777, 0.6537065370014933, 0.6540757127638194, 0.6630363493898158, 0.6626289725298191, 0.6640824401054713, 0.6636043625541024, 0.6530864472045566, 0.662425157031261, 0.6619987581944927, 0.6638900363291436, 0.665548518387279, 0.6621671315582938, 0.6651870553675823, 0.6631109126600805, 0.6630994490879871, 0.6641044430673672, 0.6531396363409221, 0.6626129928652247, 0.6528545734806548, 0.6622058063017239, 0.6639816099622656, 0.6631057369276696, 0.6641063207755998, 0.6641771605736694, 0.6652573846787051, 0.654736928503286, 0.6671042953738313, 0.6573235326379511, 0.6659200953434258, 0.6649861807701036, 0.6646030266558219, 0.6655307935838676, 0.6637086261366062, 0.6634724779942935, 0.6664410636575898, 0.6675127941992007, 0.6654245043685709, 0.6651903033977177, 0.6665370080097164, 0.6641040091986965, 0.664027865931912, 0.6656932083255741, 0.6650858997534068, 0.6680224216356356, 0.665804245431175, 0.6668227187433834, 0.6659588030355017, 0.6569927585242303, 0.6661816569610362, 0.6666527888753027, 0.6661716899198924, 0.6560222180210388, 0.6662861643151874, 0.6662385538824361, 0.6666969578752663, 0.665915597555045, 0.6655806507964634, 0.6656986894254745, 0.6655093964687394, 0.6660146519677731, 0.6654889763145126, 0.666152549496239, 0.6564404863112516, 0.667813870135956, 0.6661272553764748, 0.6659234132259513, 0.6662740944275668, 0.6680744308892832, 0.6674716960248441, 0.6659100140108467, 0.6670977161594138, 0.6641717199168656, 0.6641717199168656, 0.6672155167831136, 0.6553382765847754, 0.6640767180117351, 0.6670068010940646, 0.658248207881917, 0.6561568572373151, 0.6645835132284875, 0.6659231701792597, 0.6666899456278457, 0.6650013711875935, 0.666512515743664]"
