seed,best_fitness,final_fitness,runtime,diversity,top_mofs,fitness_history
5,0.6675997700045229,0.6675997700045229,4.156566858291626,0.0,"['ILINEY', 'ILINEY', 'ILINEY', 'ILINEY', 'ILINEY']","[0.6108981522309711, 0.6184935555137998, 0.613007562248547, 0.6344295542513051, 0.6432367298563794, 0.6421993326974349, 0.6358257096181293, 0.6437404826556365, 0.6357613496433256, 0.650204638837154, 0.6334785038479177, 0.6455248034629866, 0.6371752743733239, 0.6455994365582504, 0.6632844302434293, 0.6511441489816212, 0.6621104176388152, 0.6482471616106831, 0.65968852802487, 0.6576824901804857, 0.6624314979154386, 0.655214168159175, 0.6551868555249172, 0.6646242805187256, 0.6639563480382487, 0.6619740049310964, 0.6508550919070136, 0.6527408898839562, 0.6641771103333327, 0.6627094317105324, 0.6638400026010567, 0.6646114355750599, 0.6634927326434583, 0.6560011365269971, 0.6640423372221956, 0.6641680325417857, 0.6639361548995488, 0.6559316562336682, 0.6608443161111186, 0.6634698241358508, 0.6666684796849396, 0.6664384142255086, 0.6662379541086544, 0.6641669882411423, 0.6636557905414883, 0.6636067208439046, 0.6640556844669834, 0.6629939380573153, 0.6644773497619092, 0.667391320359681, 0.6639564777617917, 0.66292660283131, 0.6554856451873767, 0.6627394672078663, 0.6630554365612688, 0.6649737522225353, 0.6628204948463079, 0.6534103824867573, 0.6631777453581313, 0.6627959294239737, 0.6628124898155107, 0.6537676329985807, 0.6530626754627132, 0.6660047672288947, 0.6512871951439755, 0.6648259620366134, 0.6642463382752756, 0.6633970321276198, 0.6647081064399673, 0.6568546361069304, 0.6667595635918155, 0.6639575708609656, 0.6663791847490638, 0.6661926265743578, 0.6647659598277924, 0.6645865172484497, 0.6639379481617755, 0.6639336958882454, 0.6658736493023719, 0.6643414795156419, 0.6643414795156419, 0.6666881703806725, 0.6647214679525306, 0.6664001576630574, 0.6650007322483492, 0.6653619107236723, 0.663541590191066, 0.6664001576630574, 0.6637200544388232, 0.656196428454747, 0.6660937547591713, 0.6660937547591713, 0.6565485059875444, 0.6631499815674461, 0.6643356441249418, 0.6669246034575328, 0.6654553965992261, 0.6656417533202136, 0.6675997700045229, 0.6652163282266704]"
