seed,best_fitness,final_fitness,runtime,diversity,top_mofs,fitness_history
20,0.6677149083663462,0.6677149083663462,4.183769702911377,0.0,"['ILINEY', 'ILINEY', 'ILINEY', 'ILINEY', 'ILINEY']","[0.5932027347046736, 0.5007912287663597, 0.6078343617902809, 0.5985239140817826, 0.6138047472785388, 0.6261711792460133, 0.6310142417378376, 0.6291070545102703, 0.6368956384527836, 0.6355636376288577, 0.6252686335454738, 0.6346787459050244, 0.6341252780298653, 0.6231909681084724, 0.6348527233176587, 0.622812889954988, 0.6339952968935849, 0.634595012855843, 0.6348677589714488, 0.6376301857659302, 0.636259398715215, 0.6544966203462892, 0.6531477927346386, 0.6535495656078031, 0.653900098029539, 0.663403473533689, 0.6658102937021764, 0.6629391937053174, 0.6576264355702747, 0.6568496779151528, 0.6656159215793254, 0.6621989513135992, 0.6650633245480512, 0.6640226436419341, 0.6520377375561214, 0.6657567952803779, 0.6636492681381309, 0.6669413377952634, 0.6542581628976702, 0.6627347054366644, 0.6660619561805664, 0.6564151775622632, 0.6555502192898489, 0.6658252899218138, 0.6649668422324893, 0.664586899771239, 0.6560027452061359, 0.6654414602108153, 0.6558738693293863, 0.6648164550144603, 0.6558117182485153, 0.6653432092539681, 0.6654140614059311, 0.6658446527352525, 0.6641009550075655, 0.6546908426480149, 0.6641009550075655, 0.6648063825165909, 0.6639456817847113, 0.6639744415425163, 0.6569966652533065, 0.6569966652533065, 0.6558225617892188, 0.6644262633614825, 0.6638827392326045, 0.6640182306129002, 0.663973770032306, 0.6674494203544582, 0.6640573340857733, 0.664567544872271, 0.6641394412219316, 0.6641394412219316, 0.6648974810693786, 0.6625862565274938, 0.6677149083663462, 0.666952543752647, 0.6669403699345081, 0.6638715425519532, 0.6647122218260128, 0.6666396913972374, 0.66704418359716, 0.6652277444545627, 0.6663746138715183, 0.6669900454350387, 0.6653930735933318, 0.6663743737657319, 0.6649063642385307, 0.6663743737657319, 0.6574693640843509, 0.6664610044005822, 0.6666727785130587, 0.6664761358738868, 0.664468054010346, 0.6651936254462926, 0.6665767586710585, 0.6647899034120871, 0.6639810561444887, 0.6663087328884052, 0.6656642444231948, 0.6666912569812828]"
