seed,best_fitness,final_fitness,runtime,diversity,top_mofs,fitness_history
7,0.6661605646344497,0.6661605646344497,4.15422511100769,0.0,"['ILINEY', 'ILINEY', 'ILINEY', 'ILINEY', 'ILINEY']","[0.5834202607174103, 0.6370289063589494, 0.65062305332291, 0.6404086480791297, 0.6553667789013077, 0.6528541702250936, 0.6556060074370935, 0.6611319744463797, 0.6635433183286212, 0.6649722650672115, 0.663529850959585, 0.663210377071794, 0.6610508499960354, 0.6657500666526894, 0.65454716990212, 0.6641027480892208, 0.6660194641234449, 0.6653168760903155, 0.6652053988076235, 0.6642407189690371, 0.6656835151998977, 0.6637855901482678, 0.6535598173136502, 0.6561093212006707, 0.6624870079688342, 0.6634476316128487, 0.6639054524500643, 0.6627213615744146, 0.6647274588148345, 0.6632164735951963, 0.6647607523104251, 0.6624652295102531, 0.663962895678088, 0.6646760136495354, 0.664670135094058, 0.6631359946012121, 0.6645996881385446, 0.6661085233428533, 0.6644044842404445, 0.6643551532311106, 0.6645594530905733, 0.6641357307529538, 0.6644394396511953, 0.6551299979589189, 0.6636511408029008, 0.6642954468127842, 0.6626577231430708, 0.6647434580178345, 0.6648686695081638, 0.6641689247877357, 0.6636644849267008, 0.6559140596835391, 0.665118558231246, 0.6565116908573191, 0.6533948832932198, 0.6574981640707759, 0.6636493400057318, 0.6650578658095028, 0.664374133353764, 0.6653695410770808, 0.6546403515643557, 0.6538015451994132, 0.6542401216899981, 0.664040332896348, 0.6648721047668936, 0.6648703875057267, 0.6643559286755608, 0.665743431829622, 0.6658705600768228, 0.6641765887045019, 0.6661094891064337, 0.6647649058502282, 0.6642495045078108, 0.6540577054254183, 0.6643148763454858, 0.664102807790003, 0.6640954538913671, 0.6630889492622282, 0.6652788384237106, 0.6648246343067594, 0.6639816112644081, 0.6639694499291949, 0.6657017421355349, 0.6625247705827637, 0.6643975345081498, 0.6661605646344497, 0.6651101963458727, 0.6639789516769443, 0.665264022651601, 0.6643022613238148, 0.6657806137862289, 0.6632098596686121, 0.6644115032872806, 0.6635974210565344, 0.6653359003824503, 0.6653042824456121, 0.6651912948843182, 0.6635611113010018, 0.6638560052297793, 0.664521126386812]"
