seed,best_fitness,final_fitness,runtime,diversity,top_mofs,fitness_history
16,0.6677233300249975,0.6677233300249975,4.192266941070557,0.0,"['ILINEY', 'ILINEY', 'ILINEY', 'ILINEY', 'ILINEY']","[0.591555975503062, 0.5468633652104632, 0.5216445327757624, 0.5327484345596548, 0.5248206134885892, 0.5950189278594947, 0.6049161087274321, 0.6062347694639443, 0.6026472327773502, 0.602388185594952, 0.6397898269784471, 0.6274906116139632, 0.6214518132442207, 0.6032307108528119, 0.622676976531572, 0.608010483592367, 0.6313920340700057, 0.6300849549486648, 0.6216405790670023, 0.6530845474858162, 0.6312970571068984, 0.6310841682984711, 0.6312580788807304, 0.6313932829609818, 0.6315050692290731, 0.6298478020912931, 0.6305154019109251, 0.6331735506484948, 0.6314121848964547, 0.6388823855366651, 0.6373672886008958, 0.6416315640256486, 0.6632367187345514, 0.6613528735243233, 0.6397701493550798, 0.6522620832074978, 0.6406542281039365, 0.6532461377814488, 0.6650299556433338, 0.6523631029875315, 0.6562334116110462, 0.6543990237198681, 0.6636813093011085, 0.6567224189391785, 0.6657864236315574, 0.6645767143289016, 0.657350802509145, 0.6671040755502011, 0.6559189979784157, 0.6565238749007437, 0.65690300614962, 0.6563510309182932, 0.6663042053144602, 0.6631018428490296, 0.6631069759895667, 0.6538722735570001, 0.6540610382806485, 0.6644752618189795, 0.6662563527625088, 0.6643545014727488, 0.6561689120729565, 0.6548856108983858, 0.6548705506329173, 0.6641131082996422, 0.664759037657499, 0.6642111857960167, 0.6640882310943245, 0.6649679193559276, 0.6651536340223106, 0.6677233300249975, 0.6644533245565152, 0.6645418810749443, 0.6645418810749443, 0.6645418810749443, 0.6656266118775491, 0.66538770292749, 0.6574018534072634, 0.6560332731265492, 0.6571798853437704, 0.6548862431739446, 0.6664367274655131, 0.6654049056358355, 0.6670751593381228, 0.6658597614637755, 0.6650473449801746, 0.6650473449801746, 0.6650822705396142, 0.6661835057401008, 0.6661835057401008, 0.6653627754552884, 0.6657416066139707, 0.6664724555434752, 0.6653254201314998, 0.6636346598887863, 0.6654057780376891, 0.6648180255998934, 0.6663836189276704, 0.6663836189276704, 0.6656311240536145, 0.6658017567603671]"
