seed,best_fitness,final_fitness,runtime,diversity,top_mofs,fitness_history
0,0.6683281140706692,0.6683281140706692,4.170966863632202,0.0,"['ILINEY', 'ILINEY', 'ILINEY', 'ILINEY', 'ILINEY']","[0.4968635379691463, 0.5410285218403196, 0.55715551368556, 0.5948100592062581, 0.6609789532092493, 0.6386193152205568, 0.6521317975216386, 0.6394307145359323, 0.6649289957501225, 0.6636848226446199, 0.6643347783023109, 0.663819709805407, 0.6647083629202558, 0.6633738154664257, 0.6616836228981682, 0.6618587305664765, 0.6633738154664257, 0.6519002295223385, 0.6529056251984646, 0.6667874248350455, 0.6649853971810568, 0.6650991281427137, 0.6557232594838205, 0.6646739719269126, 0.6636736947072235, 0.66487197785566, 0.6654418833830436, 0.6668753843313071, 0.6662173822864143, 0.6643329933695212, 0.6638928739530475, 0.6641670429005271, 0.6659301858944628, 0.6650262522947501, 0.664663103476495, 0.666447751620565, 0.6647994873556746, 0.6674909278577308, 0.6683281140706692, 0.667759984601438, 0.6668923161087774, 0.6680442084171696, 0.6651386323964265, 0.6653383244321587, 0.6648217227982675, 0.6651166674229764, 0.6646345348648506, 0.664876631940059, 0.6646345348648506, 0.6647089057938795, 0.664736272627764, 0.6657857279948444, 0.665877855502088, 0.6653049693462837, 0.656488922780355, 0.6651743047270984, 0.666778558805643, 0.6652956280241525, 0.6659275783531176, 0.6655866666586681, 0.6558735303111365, 0.6662619327160756, 0.667296606404413, 0.656756770484103, 0.6667366012212013, 0.6661820887969084, 0.6662491152989486, 0.6663913653828881, 0.6671756808650964, 0.6668320589326444, 0.6667892234786816, 0.6664780390836199, 0.6669076963847386, 0.6654443976364492, 0.6667422203823269, 0.6666483720985095, 0.6648879046399281, 0.6679492539327204, 0.6657260917167837, 0.6642745433168257, 0.6658531644635565, 0.6659151773483527, 0.6642649023820653, 0.6643564632478026, 0.665389410137813, 0.6654034745276314, 0.6657148356520122, 0.6646867082780888, 0.6662982642196131, 0.6656464358278009, 0.6649262405585559, 0.6666271774157231, 0.655492264980196, 0.6664374363630873, 0.6651123989518537, 0.6651893686854667, 0.6657680601066918, 0.6667047758225624, 0.6642642666468156, 0.6667047758225624]"
