seed,best_fitness,final_fitness,runtime,diversity,top_mofs,fitness_history
10,0.6672969023773686,0.6672969023773686,4.159294843673706,0.0,"['ILINEY', 'ILINEY', 'ILINEY', 'ILINEY', 'ILINEY']","[0.5769453547624729, 0.6384840196657507, 0.644744379541728, 0.6355231003014628, 0.6374283364843557, 0.6371383240590405, 0.656612706922086, 0.6547791952625253, 0.6426372018146643, 0.6433693571265111, 0.6508591621838968, 0.6529577587692011, 0.6535534466700696, 0.663557346206182, 0.6635203094910148, 0.6531264303769471, 0.6624677775690215, 0.6624117809748185, 0.6649453345012213, 0.6540339359365036, 0.6559610328792786, 0.6612093138222196, 0.6564240586594632, 0.6635955802042465, 0.6653252852956347, 0.6668087204028096, 0.664691105037284, 0.6642521369003125, 0.6638320978428023, 0.6652590819947474, 0.6642501711687402, 0.6549958847754566, 0.6636594039122218, 0.6668496875793357, 0.6664642955091391, 0.6672969023773686, 0.6648288123712144, 0.6660890799879179, 0.6662134860236572, 0.6641426600925847, 0.6659327944807157, 0.6641691903209532, 0.663364785325697, 0.6645015091915208, 0.6652357465800027, 0.6628565094014396, 0.6644511775832672, 0.6632603307431857, 0.66520921952603, 0.6656695744666794, 0.6635147183171968, 0.663882209271773, 0.6651671952817372, 0.663882209271773, 0.6638785092873553, 0.6644597269887742, 0.6640153271139605, 0.6640411419132274, 0.6640296988381215, 0.6636820767615151, 0.6646007223925122, 0.6636580906450238, 0.6641362166788465, 0.6638809949327577, 0.6658046767698127, 0.6644570080000674, 0.665423580078348, 0.6561509693273052, 0.6641679070920102, 0.6538281371708101, 0.6649418208988477, 0.6546186506906227, 0.6655380498703711, 0.663604893360131, 0.6637688648301361, 0.6633390705391692, 0.6635428540441304, 0.6632745595159786, 0.6659257191468471, 0.663880903379599, 0.6636004898812106, 0.6635336000447821, 0.6632024633368888, 0.6633076693096089, 0.6633996763847623, 0.6634161929760076, 0.6546756002300538, 0.6660609835934582, 0.6634382451178483, 0.6634884721445039, 0.6662089925718514, 0.6661306201815064, 0.6668260641898379, 0.6659493752637466, 0.6669510090505253, 0.6642748450981633, 0.6656603493795703, 0.6651891132292753, 0.6651357186627087, 0.6646308284776484]"
