seed,best_fitness,final_fitness,runtime,diversity,top_mofs,fitness_history
1,0.6819086509186352,0.6819086509186352,4.1766180992126465,0.0,"['ILINEY', 'ILINEY', 'ILINEY', 'ILINEY', 'ILINEY']","[0.6819086509186352, 0.6540463700759154, 0.6520391474782633, 0.6557470260611423, 0.6641005020098023, 0.6675391292550384, 0.656439438944565, 0.665337466613779, 0.6655015688124226, 0.6666009047856354, 0.6654686026569077, 0.6604977222082833, 0.6624295343290255, 0.6680929596746058, 0.6667291491039024, 0.6650021348730069, 0.6654752904188009, 0.6652480992041734, 0.6650355969049238, 0.6653436870030478, 0.6649588863652091, 0.6653766962323886, 0.6691239424462081, 0.6658902455228849, 0.6562162016237917, 0.6651835297082632, 0.6668070076473489, 0.6567605118141424, 0.6668931043440165, 0.6561553214093704, 0.6669388573631707, 0.6565131914150681, 0.6667522560541522, 0.6664423636275532, 0.666950704257576, 0.664793689224283, 0.667315334631154, 0.6572977554865626, 0.6658433117313528, 0.6664089381658339, 0.6543490599186451, 0.6663687113432692, 0.6663097414138616, 0.6561855565115464, 0.6659296376880575, 0.6659600915851889, 0.6679340237216731, 0.6665746147636479, 0.6671182472532795, 0.6679639980653954, 0.6654545490170516, 0.6664252549715298, 0.6657484598540093, 0.6675540768025124, 0.6661867996234395, 0.6675540768025124, 0.667223307474795, 0.6661464539822127, 0.6671134389124614, 0.667498182493307, 0.667804114785776, 0.6557154250198477, 0.6678664414414566, 0.6668605293152546, 0.6670190374856152, 0.668365831758848, 0.6679858963588924, 0.6656435581503546, 0.6574629906254946, 0.656233445790804, 0.6669051109711746, 0.6659875114808823, 0.6679865402625621, 0.6659249392745558, 0.6663823608143692, 0.6671097111259675, 0.6659658867735777, 0.6687280992018104, 0.6687484132492935, 0.6657367854447794, 0.6675044164375675, 0.6658814517540825, 0.6679763951311064, 0.6665344745141865, 0.6658385058347744, 0.6658323865985994, 0.6661300563427625, 0.6672094835594923, 0.6672094835594923, 0.6666306331218558, 0.6666306331218558, 0.6666306331218558, 0.6671955001261891, 0.6594226283695095, 0.6677227382220127, 0.6686809041758778, 0.6668253198777978, 0.6664057549649246, 0.6661527761888779, 0.6673643588769642]"
