seed,best_fitness,final_fitness,runtime,diversity,top_mofs,fitness_history
24,0.6687202916915889,0.6687202916915889,4.179777145385742,0.0,"['ILINEY', 'ILINEY', 'ILINEY', 'ILINEY', 'ILINEY']","[0.6512292648884006, 0.6202754333354177, 0.6350967927654089, 0.5777728965284533, 0.6070628502622403, 0.6425992125736336, 0.665048399598767, 0.644698172520347, 0.6455345151623277, 0.6466475048818199, 0.6442807605624855, 0.6554857380665255, 0.6657136458030466, 0.65371346000574, 0.6539355617796475, 0.6650592976665587, 0.6638689821700655, 0.6672506342100313, 0.6568658471483125, 0.6651125662522691, 0.664616588509222, 0.6655015583165175, 0.6639176571850937, 0.6687202916915889, 0.6575067713034252, 0.6655470912809109, 0.6660208250586431, 0.6648134087605694, 0.6653507113115446, 0.6655156767490114, 0.6670270483382627, 0.6647879851622566, 0.6572993567172866, 0.6573447905786972, 0.6656766898702453, 0.6649445925234352, 0.6654530867307923, 0.665179564873687, 0.6668412242815918, 0.6642454096111334, 0.6647988642103421, 0.6550077453123837, 0.6548798161222884, 0.664289928481839, 0.6625754662335669, 0.6654259140614734, 0.6644751344482621, 0.6642873133957353, 0.666457399255108, 0.6648459356264645, 0.6647148177294531, 0.6559527099393001, 0.664687202882145, 0.6647241801106686, 0.6535943566816298, 0.6649429622818327, 0.6544408911331075, 0.6632131802735071, 0.6631709400233792, 0.6537288378949622, 0.6644165951256441, 0.6659655102045654, 0.6547459544619937, 0.6672019655817715, 0.6655741578366529, 0.6661349589586948, 0.6646040162898784, 0.6672521023444378, 0.6660013009348843, 0.664602991701329, 0.6651482010925583, 0.6650087430031011, 0.6658250149518187, 0.6677444771254296, 0.6668762261461814, 0.6653100274116892, 0.6572969595377908, 0.6668462087743176, 0.6561810606275795, 0.667849240642959, 0.6655741369452811, 0.6663490722159419, 0.6668643883751876, 0.6658518977656259, 0.6670725638979748, 0.6670725638979748, 0.6670725638979748, 0.6660454303264218, 0.6671931854640165, 0.6676091133897288, 0.6651205566907793, 0.667274189367802, 0.6675876284991729, 0.6671880864870195, 0.6671880864870195, 0.6672769694856938, 0.6675534376906422, 0.6685112208655425, 0.6679478549078073, 0.6680195541040657]"
