seed,best_fitness,final_fitness,runtime,diversity,top_mofs,fitness_history
17,0.6587388477120957,0.6587388477120957,4.168754816055298,0.0,"['ILINEY', 'ILINEY', 'ILINEY', 'ILINEY', 'ILINEY']","[0.6190576307961505, 0.6061644055934342, 0.6573928162112262, 0.6197373751360865, 0.6547028666284986, 0.6536701645203908, 0.6391503534228816, 0.6527927290224094, 0.656160314392315, 0.6539022933701608, 0.6562197883235003, 0.645252927627087, 0.656778901653061, 0.6543160764023931, 0.6547455530492685, 0.6531872854290364, 0.6564419172105491, 0.6568401731421235, 0.6440601587912217, 0.654839649555099, 0.6545245207428496, 0.6553680907829782, 0.6553680907829782, 0.6545773589338552, 0.6565360367004924, 0.6550978805080445, 0.6553201601980299, 0.6575001291046197, 0.6587388477120957, 0.6560692836054897, 0.6561766954499096, 0.6559473814489524, 0.6571983728860362, 0.656476730047217, 0.654621586036667, 0.6554690629424204, 0.6558825096112346, 0.6557837156031131, 0.6566896828191755, 0.6561623844477368, 0.65523934179436, 0.6558451245609277, 0.656650100968868, 0.6561508859113371, 0.6565892869712927, 0.6566302152320438, 0.6551878136024132, 0.657840421187995, 0.6546531096656956, 0.6551970818436663, 0.6561296023047363, 0.6546714598983085, 0.6550967769680746, 0.6557415597544778, 0.6549846087755947, 0.6558124236500348, 0.6562467002441427, 0.6546021973338011, 0.6550144056194529, 0.6559673758990281, 0.6564786898112858, 0.65624692595099, 0.6457212743172978, 0.6549992198505815, 0.6557768297569745, 0.6561080290155401, 0.6464374153991307, 0.6558061164324657, 0.6547399085461807, 0.6558437566390799, 0.6566951323611772, 0.6481830348510538, 0.6573640404210301, 0.6582064533188836, 0.6567215564735656, 0.6475299341235118, 0.647237072252267, 0.6566458756749077, 0.6573404584798418, 0.6574901494619217, 0.6549997094821695, 0.6552277884777414, 0.6552277884777414, 0.6551869707253927, 0.656044528951435, 0.6552277884777414, 0.6565948677817435, 0.6552277884777414, 0.6552252329132541, 0.6454531534863944, 0.6458418229749242, 0.6554011752990425, 0.6568368892665624, 0.6482659595956446, 0.6578020367997439, 0.6482990374050821, 0.6562655132985694, 0.6555659501483341, 0.6568676210831531, 0.6555444057007963]"
