seed,best_fitness,final_fitness,runtime,diversity,top_mofs,fitness_history
4,0.6654663078359836,0.6654663078359836,4.183521032333374,0.0,"['ILINEY', 'ILINEY', 'ILINEY', 'ILINEY', 'ILINEY']","[0.6417798160758075, 0.6299474173398278, 0.6245850517189889, 0.6471935695883669, 0.6273091977534593, 0.6329348090210192, 0.6276057468515809, 0.6439101621141434, 0.6432779037200079, 0.6264438186257142, 0.6530474108103254, 0.6563974287399779, 0.6435354656990707, 0.6539625567201757, 0.6552883038089564, 0.6554134151568933, 0.653097414670125, 0.6520399324411373, 0.6541707335495797, 0.6527652744302475, 0.6527652744302475, 0.6546199003224963, 0.653538065850218, 0.6522411861962699, 0.6543741216967873, 0.6518384698000175, 0.6523187192545686, 0.6451186149378456, 0.654153565232074, 0.6536584979915611, 0.6539145680761599, 0.6528389904411993, 0.6542306275957136, 0.6518799790634684, 0.6441970777563735, 0.6558050168792495, 0.6549428225143828, 0.6540441208827441, 0.6540768000902203, 0.6532833970865252, 0.6541986207856493, 0.652394983785969, 0.6538279151834601, 0.6547408982226331, 0.6540163644827145, 0.6526317118340321, 0.6554636614872648, 0.6546301222688551, 0.6546772800871802, 0.6546592151300201, 0.6550013097805216, 0.6549498058651309, 0.65468238968702, 0.6550880060128013, 0.6556437786735416, 0.6541086279821805, 0.6537041663613281, 0.6539143162057134, 0.6547982266217485, 0.6432460222112749, 0.642981608095133, 0.6547465895832012, 0.6549823861938844, 0.6565616113630899, 0.6543462604852507, 0.6540826073926996, 0.6451950357124806, 0.645005404847388, 0.6545803302934237, 0.6522951296507649, 0.6548207964783153, 0.6572567557280972, 0.6634873829451767, 0.6619738909934455, 0.661918780929093, 0.6593724009589712, 0.64857855094594, 0.661031238683735, 0.6601621329830004, 0.6654663078359836, 0.6605029577794855, 0.6611478742944752, 0.6618369461697613, 0.6498225587928224, 0.6616499792339738, 0.653604166900616, 0.6611141772631017, 0.6613797788808403, 0.6568016756508968, 0.6654448607958281, 0.654007604953584, 0.656285692986331, 0.6632367604537037, 0.6620427025606274, 0.6612983732145555, 0.655824442700158, 0.6628364906807414, 0.6642851495666483, 0.6628485513537756, 0.6650291262103212]"
