seed,best_fitness,final_fitness,runtime,diversity,top_mofs,fitness_history
21,0.6679677390797473,0.6679677390797473,4.173354864120483,0.0,"['ILINEY', 'ILINEY', 'ILINEY', 'ILINEY', 'ILINEY']","[0.6238821207349081, 0.6252949395304332, 0.6651243147721735, 0.6230403014008458, 0.66091723552937, 0.6560046492758971, 0.6641136346427607, 0.6545102617237153, 0.6644134911572063, 0.6566088815445175, 0.6667457848865955, 0.6545073972713163, 0.6668215121967005, 0.6655011949886385, 0.6558523395151464, 0.664435950762924, 0.6436382230474635, 0.664174019421335, 0.6624369815187501, 0.6631098114594589, 0.6631694374022832, 0.6631630929848007, 0.6632066882210697, 0.6674570521263019, 0.6648128131701249, 0.6675742822845265, 0.6672224577837711, 0.6636746913923924, 0.6643250907514948, 0.6643250907514948, 0.6636799281858141, 0.6542822741295037, 0.6554890441528972, 0.6656891828458108, 0.6649002137122743, 0.6533584695315283, 0.6553771616731771, 0.6533584695315283, 0.6549966098845776, 0.6648844435575024, 0.6537022050034792, 0.6679350648048429, 0.6668909278579099, 0.6679677390797473, 0.6565806705538575, 0.6657107134804521, 0.6665686406373896, 0.6665375556625835, 0.6550115816366094, 0.656373667809564, 0.6555053677525742, 0.6668447605869839, 0.666833667478025, 0.6668442702926088, 0.6667592489378449, 0.666048375235134, 0.6658088647104411, 0.6651447852506517, 0.6658700701199918, 0.6664007943188127, 0.657367297188365, 0.6656678680854945, 0.6556534070514942, 0.6655593285309949, 0.6662812401955988, 0.6667060180023925, 0.666189085110076, 0.666104723181559, 0.6661527637027987, 0.6662994413038745, 0.664788449022396, 0.6661527637027987, 0.6657164756307818, 0.6661527637027987, 0.6652628196211949, 0.6667183457729795, 0.6667183457729795, 0.6662432519483086, 0.6666199168916249, 0.666709827952542, 0.6667987288589519, 0.6661552309317521, 0.6674462203254456, 0.6657149209409124, 0.6648940198384614, 0.665714230417499, 0.6657184201915806, 0.666951731378689, 0.6664888362861063, 0.667052282691104, 0.6663787785638214, 0.6672170105184217, 0.6665284174126108, 0.6652187398211463, 0.6678230069105179, 0.6653670923668646, 0.665378902535173, 0.6586822969589406, 0.6661805828504166, 0.6674617720460441]"
