seed,best_fitness,final_fitness,runtime,diversity,top_mofs,fitness_history
11,0.6671274147399928,0.6671274147399928,4.158363103866577,0.0,"['ILINEY', 'ILINEY', 'ILINEY', 'ILINEY', 'ILINEY']","[0.5673672003499562, 0.5102659208478922, 0.4975436206596942, 0.5108400061456964, 0.6636968213818136, 0.6324829164700272, 0.6358014790430091, 0.6125640472436952, 0.6272802098128183, 0.6467571227348983, 0.6388858616229389, 0.6385142217118539, 0.6400423803164245, 0.6374543135932421, 0.6475701898280161, 0.6474999908007659, 0.6369631508598459, 0.6523831863510361, 0.6599546032725098, 0.6409353031641152, 0.6607869769720046, 0.663107625157145, 0.6605017730850944, 0.6608940082288168, 0.664893898612079, 0.6637114293623939, 0.6617085828189404, 0.6631905679148218, 0.6642886788557544, 0.6626186100789774, 0.6625585532327258, 0.6624890311735172, 0.6634889073508259, 0.6619818092724131, 0.6575433311091236, 0.6618878569021936, 0.6650054638185194, 0.6661321317409139, 0.6622834985789889, 0.664018755119635, 0.6647298530227644, 0.6650440952902246, 0.6635820742542936, 0.6659857945889017, 0.6534745137750605, 0.6650004878010345, 0.6639627573103292, 0.6635036151846686, 0.653988961757377, 0.6634880785839803, 0.6653981964550709, 0.6636960809502981, 0.6654951327508545, 0.6654276768973091, 0.6638422660957132, 0.6654233387280242, 0.6545125715188197, 0.6655668193212881, 0.6661300318539635, 0.6548645823399007, 0.6541679405202598, 0.6648831907713023, 0.6528052283558445, 0.6652187706825633, 0.6539208610269539, 0.6639572191526213, 0.6630249579989256, 0.6644235427612619, 0.6629627990024021, 0.6652885036681149, 0.6631498979923568, 0.6629444801100882, 0.6629444801100882, 0.6635031711275243, 0.6630362723198795, 0.6630362723198795, 0.6650073986504752, 0.6661577577645177, 0.6642628381768628, 0.6550529785968839, 0.6671274147399928, 0.6547448132131132, 0.6642071153337575, 0.6645803650967148, 0.6570036976064731, 0.6551416370330584, 0.6543581574812127, 0.6641284897123063, 0.6549351537053663, 0.6657981441004903, 0.6657981441004903, 0.6640069065805912, 0.666436125819081, 0.6658912438301051, 0.6658702422906032, 0.6652648348719581, 0.6651535048444785, 0.6645974841263507, 0.6654286079524278, 0.6653466570028552]"
