seed,best_fitness,final_fitness,runtime,diversity,top_mofs,fitness_history
6,0.6683842996602113,0.6683842996602113,4.160679340362549,0.0,"['ILINEY', 'ILINEY', 'ILINEY', 'ILINEY', 'ILINEY']","[0.590044365704287, 0.5954350996232121, 0.6133523316570807, 0.6427930508581295, 0.6519865487181202, 0.6534613029351777, 0.6555310963149534, 0.652699635549542, 0.649696442230259, 0.6620795989754555, 0.663923808933594, 0.6622161385054616, 0.6683842996602113, 0.6648357624640804, 0.6645260634795589, 0.6661648978026519, 0.6549428505894709, 0.6550586190039465, 0.6555413367232747, 0.6652287674787141, 0.6657485333877979, 0.6647962060989795, 0.6571082930995024, 0.6664983784886681, 0.6576451161624061, 0.6656104621738672, 0.667477784338379, 0.6567346407682335, 0.6665910654530033, 0.6666737905048026, 0.6561513166897013, 0.6657712695331586, 0.6654494313651319, 0.6668247312253093, 0.6652570901664606, 0.6652570901664606, 0.6663497434156097, 0.6647653053600421, 0.6669729525584984, 0.6660841981684763, 0.6672515820678823, 0.6652017532758442, 0.6639341337365902, 0.6635485166304935, 0.6645120646592731, 0.6649608283466494, 0.6546902621410597, 0.6644928109149626, 0.6651827213304122, 0.6636949546138529, 0.6647660087746882, 0.6655707095105183, 0.6670820925192835, 0.6631475677886103, 0.6655551003335031, 0.6628758673625477, 0.6637405408406332, 0.6652638197552065, 0.6629401481777719, 0.6629401481777719, 0.6629401481777719, 0.6644491760257437, 0.6552617495299086, 0.6556821414809569, 0.6666035780253365, 0.6650922538405075, 0.664990669933703, 0.6649193665463329, 0.6661238432490015, 0.665181612884229, 0.6649959363804837, 0.6667211646327916, 0.6636030028227066, 0.6658187164065744, 0.6660038328999677, 0.6662480405632683, 0.6652948108371787, 0.6664530923763353, 0.6664530923763353, 0.6662804347612837, 0.6663439206190194, 0.6651044232231715, 0.6651044232231715, 0.6663813662846005, 0.656633787378888, 0.6673304468814425, 0.665458117081287, 0.6654058983524325, 0.6648535523638706, 0.6669456933082646, 0.6660336808312688, 0.665703118998777, 0.6646300758666219, 0.6571793893343217, 0.6651160773215293, 0.6550635276678983, 0.6665895016938723, 0.6662185507187784, 0.6666432315843911, 0.6570664980374891]"
