seed,best_fitness,final_fitness,runtime,diversity,top_mofs,fitness_history
9,0.667499236615486,0.667499236615486,4.169312953948975,0.0,"['ILINEY', 'ILINEY', 'ILINEY', 'ILINEY', 'ILINEY']","[0.5770382887139107, 0.640907284943398, 0.6547849072499304, 0.6653431652953038, 0.6542186438686228, 0.662017224295952, 0.6620973811116888, 0.6654189924981814, 0.6613449763883211, 0.6614570784407436, 0.6627860552676664, 0.6619420741181427, 0.6668186319280646, 0.6666641502753278, 0.6652212935534191, 0.6663009206788983, 0.66425899580092, 0.666434539004575, 0.6652900790970139, 0.6649726963505506, 0.6667911661382437, 0.6642153579835893, 0.6645671085137869, 0.6664693834682397, 0.6654977845377464, 0.6644986278863522, 0.6643184854026772, 0.6640317286239522, 0.6646724674292172, 0.6639077057015743, 0.6657074264324179, 0.6654945880023164, 0.6657194966362379, 0.6672488682003486, 0.6644548635435452, 0.6654985898306518, 0.6643213294710184, 0.665412667651819, 0.6663481081617773, 0.6641309553597783, 0.6662555791815524, 0.6666128266388197, 0.6642032493333218, 0.6639179906923409, 0.6639221568087568, 0.6566834597447228, 0.6643603457742413, 0.6670955885804538, 0.665656832435975, 0.664176097680574, 0.6643732124009141, 0.6648800449632427, 0.6650103182922255, 0.6663534098458674, 0.665972171914685, 0.665964755162888, 0.6673871678787439, 0.6664818896165058, 0.6534446242102321, 0.6649023983391125, 0.6643768833789105, 0.6643750785010885, 0.666118206792779, 0.6659103980371697, 0.6654828034126811, 0.6661891783194673, 0.6643207606468255, 0.6667836721730108, 0.6663583632380666, 0.665849762429899, 0.6660521305418495, 0.6654808109744351, 0.6660778842391445, 0.6647866695999549, 0.6663922424395651, 0.6652965980690588, 0.6658936860871105, 0.6659035172972431, 0.6567641577326777, 0.6661388547017831, 0.654613610492791, 0.6661526105270815, 0.658168176354383, 0.646720197327381, 0.667499236615486, 0.6639993296764031, 0.6364993296764031, 0.6539124104211087, 0.6451007275184285, 0.6653573239239327, 0.6565432865053028, 0.6559680243179751, 0.6552272216307945, 0.6543424778725592, 0.6564162014821159, 0.6647365854157211, 0.6652814833083434, 0.6646204478981733, 0.6646204478981733, 0.6663645215875167]"
