seed,best_fitness,final_fitness,runtime,diversity,top_mofs,fitness_history
8,0.6591992611051001,0.6591992611051001,4.173250198364258,0.0,"['ILINEY', 'ILINEY', 'ILINEY', 'ILINEY', 'ILINEY']","[0.5336203375106281, 0.6352670279877707, 0.647298635653678, 0.6446660851507707, 0.6440196803838614, 0.6468430712234788, 0.644026067874746, 0.6445712791720702, 0.6354930477301425, 0.6471242369567537, 0.6476757863676443, 0.655929708622663, 0.6452392669855167, 0.6459940572158975, 0.6451880470771423, 0.6452327127664791, 0.6549490432904288, 0.6548759979562501, 0.6453382484612822, 0.6578973978987158, 0.6552864960266332, 0.6555831400865226, 0.6467388631128855, 0.6537051565945391, 0.6539410557685867, 0.6541459610124931, 0.6540644927151347, 0.6555578466627487, 0.6545375311875667, 0.6545729191607724, 0.6545375311875667, 0.6552233343874201, 0.654250122935965, 0.6545438270225368, 0.6541420484540041, 0.6544285388735231, 0.6550015238031088, 0.6539642218564552, 0.654111527809326, 0.6562720604201573, 0.6548428885627772, 0.6473395891711697, 0.6542819959296993, 0.6546351264828488, 0.6452219504720853, 0.6546320628316358, 0.6548694806624491, 0.6462660034046633, 0.6553972893897191, 0.6561841432029376, 0.6554175426806149, 0.6555038032029293, 0.6556051275014442, 0.6571450517910294, 0.6548042098953265, 0.6564213683145675, 0.6553889058780291, 0.653989773472121, 0.6426525641697953, 0.6545988600944685, 0.6540095226683451, 0.65508772283224, 0.659066195353997, 0.6558775604857442, 0.655873765926056, 0.6575130526004401, 0.6570326639840516, 0.6564194498572637, 0.6558882650187946, 0.6568410145111491, 0.6559309052944364, 0.6566916163548935, 0.6566882317358397, 0.6575890479222649, 0.6563684460744048, 0.656222670466234, 0.6591992611051001, 0.6564577393590892, 0.6577181616250949, 0.6563509728852561, 0.6564466572206391, 0.6564020962057623, 0.6562817913948644, 0.646871679035314, 0.6470131207751602, 0.6564493652928516, 0.6570065992401336, 0.6574531236218758, 0.6567184843685674, 0.6574531236218758, 0.6574768453028165, 0.6573441236948439, 0.6574281191989032, 0.657837052108571, 0.6585063608055437, 0.6573656593280209, 0.6571350006974092, 0.6570988242698621, 0.6580794157798815, 0.6577363946368626]"
