seed,best_fitness,final_fitness,runtime,diversity,top_mofs,fitness_history
19,0.6684602550009436,0.6684602550009436,4.157382965087891,0.0,"['ILINEY', 'ILINEY', 'ILINEY', 'ILINEY', 'ILINEY']","[0.5625664741907261, 0.6456157951127456, 0.6366816672966582, 0.6439299515970457, 0.6445454805432479, 0.6530975103355127, 0.6569907537321283, 0.6629622467517359, 0.6345881644375228, 0.665187448324997, 0.6654521113935531, 0.6646862249733979, 0.6680612728409091, 0.6539370519531572, 0.6554647526594737, 0.6549168948850917, 0.6642977535978971, 0.6658984011575967, 0.664645156964055, 0.6663311688625964, 0.6645861176482432, 0.6651939352548577, 0.666624058150767, 0.6652192912765523, 0.6656500197290872, 0.6660396825160219, 0.6570589824990857, 0.6551885392983089, 0.6552296325484136, 0.6643774425360078, 0.6549287620715971, 0.6640982542959578, 0.6639596280939586, 0.6641330326079243, 0.6647601136481818, 0.6652580253695908, 0.6677753141206423, 0.6567804169498039, 0.6654141857760129, 0.6684602550009436, 0.6655128265734743, 0.6667893422471397, 0.6532971274675319, 0.6654741595728833, 0.664498911640591, 0.6665112062086652, 0.6565650290914061, 0.6643888648928498, 0.6644971497507117, 0.6675437821199841, 0.655246255897351, 0.6555599771195448, 0.6670859511455188, 0.6669868386402755, 0.6645217312393464, 0.666779573663883, 0.6663207452100477, 0.6662425323400867, 0.6645968207921932, 0.6580170389387864, 0.666332802909526, 0.6648173764692938, 0.6666424511745097, 0.6674751474220053, 0.6676301440854053, 0.6656698128885223, 0.6669915520580134, 0.6661041993931387, 0.6666705223535022, 0.6667805133791165, 0.6655855034365787, 0.6656470310907571, 0.6647473647203411, 0.6651670093187145, 0.6652446977623893, 0.6667962110560316, 0.655948580510611, 0.6653677638021079, 0.6680411004897603, 0.6651552451258427, 0.6649415627712272, 0.6651549253426732, 0.6651591739803013, 0.6556193587567788, 0.664942652284022, 0.6554173055965705, 0.6659651956196303, 0.6654465155951007, 0.6566713460002697, 0.6659661345089181, 0.6658575835652537, 0.6553937617220639, 0.6657124945435311, 0.6647250838283313, 0.665193897985912, 0.6647118540645405, 0.665482305198513, 0.6649039387392298, 0.6648038740816145, 0.6656434916941218]"
