seed,best_fitness,final_fitness,runtime,diversity,top_mofs,fitness_history
15,0.6593131833826438,0.6593131833826438,7.6070778369903564,0.1400730471326691,"['ILINEY', 'ILINEY', 'ILINEY', 'IVAFUG', 'ILINEY']","[0.591818745013204, 0.65150349361607, 0.6463335620335104, 0.6491097094310211, 0.6593131833826438, 0.6571600698820096, 0.655769949002038, 0.6553501530736627, 0.654917342163032, 0.6532706303321208, 0.6532706303321208, 0.6532706303321208, 0.6532706303321208, 0.6532706303321208, 0.6532706303321208, 0.6532706303321208, 0.6532706303321208, 0.6532706303321208, 0.6532706303321208, 0.6532706303321208, 0.6532706303321208, 0.6532706303321208, 0.6532706303321208, 0.6532706303321208, 0.6532706303321208, 0.6532706303321208, 0.6532706303321208, 0.6532706303321208, 0.6532706303321208, 0.6532706303321208, 0.6532706303321208, 0.6532706303321208, 0.6532706303321208, 0.6532706303321208, 0.6532706303321208, 0.6532706303321208, 0.6532706303321208, 0.6532706303321208, 0.6532706303321208, 0.6532706303321208, 0.6532706303321208, 0.6532706303321208, 0.6532706303321208, 0.6532706303321208, 0.6532706303321208, 0.6532706303321208, 0.6532706303321208, 0.6532706303321208, 0.6532706303321208, 0.6532706303321208, 0.6532706303321208, 0.6532706303321208, 0.6532706303321208, 0.6532706303321208, 0.6532706303321208, 0.6532706303321208, 0.6532706303321208, 0.6532706303321208, 0.6532706303321208, 0.6532706303321208, 0.6532706303321208, 0.6532706303321208, 0.6532706303321208, 0.6532706303321208, 0.6532706303321208, 0.6532706303321208, 0.6532706303321208, 0.6555505951354469, 0.6552342041548043, 0.6552342041548043, 0.6552342041548043, 0.6552342041548043, 0.6552342041548043, 0.6552342041548043, 0.6552342041548043, 0.6552342041548043, 0.6552342041548043, 0.6552342041548043, 0.6552342041548043, 0.6552342041548043, 0.6552342041548043, 0.6552342041548043, 0.6552342041548043, 0.6552342041548043, 0.6552342041548043, 0.6552342041548043, 0.6552342041548043, 0.6552342041548043, 0.6552342041548043, 0.6552342041548043, 0.6552342041548043, 0.6552342041548043, 0.6552342041548043, 0.6552342041548043, 0.6552342041548043, 0.6552342041548043, 0.6552342041548043, 0.6552342041548043, 0.6552342041548043, 0.6552342041548043]"
