seed,best_fitness,final_fitness,runtime,diversity,top_mofs,fitness_history
29,0.6590848336871432,0.6590848336871432,7.599900007247925,0.1872905346572173,"['ILINEY', 'ILINEY', 'ILINEY', 'ILINEY', 'IVAFUG']","[0.6412238543397526, 0.6363782995217593, 0.6316277973566529, 0.6302678458861461, 0.6477904961292033, 0.6476354034317573, 0.6449897528323494, 0.6447936826664505, 0.6413968772506903, 0.6403964239017793, 0.6403964239017793, 0.6403964239017793, 0.6403964239017793, 0.6403964239017793, 0.6403964239017793, 0.6403964239017793, 0.6403964239017793, 0.6403964239017793, 0.6403964239017793, 0.6403964239017793, 0.6403964239017793, 0.6403964239017793, 0.6403964239017793, 0.6403964239017793, 0.6403964239017793, 0.6403964239017793, 0.6443861390301111, 0.6442140500683945, 0.6442140500683945, 0.6442140500683945, 0.6442140500683945, 0.6442140500683945, 0.6442140500683945, 0.6442140500683945, 0.6442140500683945, 0.6590848336871432, 0.6577133667919448, 0.65604733379066, 0.6541598747371317, 0.6519400376210627, 0.6530720441721785, 0.6519400376210627, 0.6519400376210627, 0.6519400376210627, 0.6519400376210627, 0.6519400376210627, 0.6519400376210627, 0.6519400376210627, 0.6519400376210627, 0.6519400376210627, 0.6519400376210627, 0.6519400376210627, 0.6519400376210627, 0.6519400376210627, 0.6519400376210627, 0.6519400376210627, 0.6519400376210627, 0.6519400376210627, 0.6519400376210627, 0.6519400376210627, 0.6519400376210627, 0.6519400376210627, 0.6519400376210627, 0.6519400376210627, 0.6519400376210627, 0.6519400376210627, 0.6519400376210627, 0.6519400376210627, 0.6519400376210627, 0.6519400376210627, 0.6519400376210627, 0.6519400376210627, 0.6519400376210627, 0.6519400376210627, 0.6519400376210627, 0.6519400376210627, 0.6519400376210627, 0.6519400376210627, 0.6519400376210627, 0.6519400376210627, 0.6519400376210627, 0.6519400376210627, 0.6519400376210627, 0.6519400376210627, 0.6519400376210627, 0.6519400376210627, 0.6519400376210627, 0.6519400376210627, 0.6519400376210627, 0.6519400376210627, 0.6519400376210627, 0.6519400376210627, 0.6519400376210627, 0.6519400376210627, 0.6519400376210627, 0.6519400376210627, 0.6519400376210627, 0.6519400376210627, 0.6519400376210627, 0.6519400376210627]"
