seed,best_fitness,final_fitness,runtime,diversity,top_mofs,fitness_history
23,0.6567593125858442,0.6567593125858442,7.597744941711426,0.20934010743393175,"['ILINEY', 'IVAFUG', 'ILINEY', 'IVAFUG', 'GUQLOW']","[0.6447083222436324, 0.6387950085723246, 0.6567593125858442, 0.6518757223222941, 0.6508113812792478, 0.652146928995112, 0.6514847910548259, 0.650457813342297, 0.650457813342297, 0.650457813342297, 0.650457813342297, 0.650457813342297, 0.650457813342297, 0.650457813342297, 0.650457813342297, 0.650457813342297, 0.650457813342297, 0.650457813342297, 0.650457813342297, 0.650457813342297, 0.650457813342297, 0.650457813342297, 0.650457813342297, 0.650457813342297, 0.650457813342297, 0.650457813342297, 0.650457813342297, 0.650457813342297, 0.650457813342297, 0.650457813342297, 0.650457813342297, 0.650457813342297, 0.650457813342297, 0.6510287587253952, 0.6507112230460536, 0.6507112230460536, 0.6507112230460536, 0.6507112230460536, 0.6507112230460536, 0.6507112230460536, 0.6507112230460536, 0.6507112230460536, 0.6507112230460536, 0.6507112230460536, 0.6507112230460536, 0.6507112230460536, 0.6507112230460536, 0.6507112230460536, 0.6507112230460536, 0.6507112230460536, 0.6507112230460536, 0.6507112230460536, 0.6507112230460536, 0.6507112230460536, 0.6507112230460536, 0.6507112230460536, 0.6507112230460536, 0.6507112230460536, 0.6507112230460536, 0.6507112230460536, 0.6507112230460536, 0.6507112230460536, 0.6507112230460536, 0.6507112230460536, 0.6507112230460536, 0.6507112230460536, 0.6507112230460536, 0.6507112230460536, 0.6507112230460536, 0.6507112230460536, 0.6507112230460536, 0.6507112230460536, 0.6507112230460536, 0.6507112230460536, 0.6507112230460536, 0.6507112230460536, 0.6507112230460536, 0.6507112230460536, 0.6507112230460536, 0.6507112230460536, 0.6507112230460536, 0.6507112230460536, 0.6507112230460536, 0.6507112230460536, 0.6507112230460536, 0.6507112230460536, 0.6507112230460536, 0.6507112230460536, 0.6507112230460536, 0.6507112230460536, 0.6507112230460536, 0.6507112230460536, 0.6507112230460536, 0.6507112230460536, 0.6507112230460536, 0.6507112230460536, 0.6507112230460536, 0.6507112230460536, 0.6507112230460536, 0.6507112230460536]"
