seed,best_fitness,final_fitness,runtime,diversity,top_mofs,fitness_history
1,0.6547278775137485,0.6547278775137485,7.843517065048218,0.19610328220097872,"['YUHNAS', 'YUHNAS', 'YUHNAS', 'YUHNAS', 'IVAFUG']","[0.6241909453692496, 0.6067630888706222, 0.6172107595085501, 0.6156022077328283, 0.6471627404652401, 0.6464117332557813, 0.6446702071463289, 0.6437157949678829, 0.6436116912782293, 0.6436116912782293, 0.6436116912782293, 0.6436116912782293, 0.6436116912782293, 0.645376753228871, 0.6446109545706686, 0.6446109545706686, 0.6446109545706686, 0.6446109545706686, 0.6446109545706686, 0.6446109545706686, 0.6446109545706686, 0.6446109545706686, 0.6446109545706686, 0.6446109545706686, 0.6446109545706686, 0.6446109545706686, 0.6446109545706686, 0.6446109545706686, 0.6446109545706686, 0.6446109545706686, 0.6446109545706686, 0.6446109545706686, 0.6446109545706686, 0.6446109545706686, 0.6446109545706686, 0.6446109545706686, 0.6547278775137485, 0.6535363192079804, 0.6508909861737712, 0.650436806528539, 0.6497609770359023, 0.6499455242239701, 0.6495815534131907, 0.6495815534131907, 0.6495815534131907, 0.6495815534131907, 0.6495815534131907, 0.6495815534131907, 0.6495815534131907, 0.6495815534131907, 0.6495815534131907, 0.6495815534131907, 0.6495815534131907, 0.6495815534131907, 0.6495815534131907, 0.6495815534131907, 0.6495815534131907, 0.6495815534131907, 0.6495815534131907, 0.6495815534131907, 0.6495815534131907, 0.6495815534131907, 0.6495815534131907, 0.6495815534131907, 0.6495815534131907, 0.6495815534131907, 0.6495815534131907, 0.6495815534131907, 0.6495815534131907, 0.6495815534131907, 0.6495815534131907, 0.6495815534131907, 0.6495815534131907, 0.6495815534131907, 0.6495815534131907, 0.6495815534131907, 0.6495815534131907, 0.6495815534131907, 0.6495815534131907, 0.6495815534131907, 0.6495815534131907, 0.6495815534131907, 0.6495815534131907, 0.6495815534131907, 0.6495815534131907, 0.6495815534131907, 0.6495815534131907, 0.6495815534131907, 0.6495815534131907, 0.6495815534131907, 0.6495815534131907, 0.6495815534131907, 0.6495815534131907, 0.6495815534131907, 0.6495815534131907, 0.6495815534131907, 0.6495815534131907, 0.6495815534131907, 0.6495815534131907, 0.6495815534131907]"
