seed,best_fitness,final_fitness,runtime,diversity,top_mofs,fitness_history
9,0.6874998565215478,0.6874998565215478,3.4661009311676025,0.0,"['ZOGBII', 'ZOGBII', 'ZOGBII', 'ZOGBII', 'ZOGBII']","[0.6404340417680066, 0.6486715869134673, 0.6576880156446597, 0.6576880156446597, 0.6576880156446597, 0.6679015940998706, 0.6679015940998706, 0.6713813256721829, 0.6713813256721829, 0.6713813256721829, 0.6816354895468484, 0.6816354895468484, 0.6816354895468484, 0.6816354895468484, 0.6816354895468484, 0.6816354895468484, 0.6816354895468484, 0.6816354895468484, 0.6816354895468484, 0.6816354895468484, 0.6816354895468484, 0.6816354895468484, 0.6816354895468484, 0.6816354895468484, 0.6816354895468484, 0.6816354895468484, 0.6816354895468484, 0.6816354895468484, 0.6816354895468484, 0.6816354895468484, 0.6816354895468484, 0.6816354895468484, 0.6816354895468484, 0.6816354895468484, 0.6816354895468484, 0.6816354895468484, 0.6816354895468484, 0.6816354895468484, 0.6816354895468484, 0.6816354895468484, 0.6816354895468484, 0.6816354895468484, 0.6865583130163103, 0.6865583130163103, 0.6865583130163103, 0.6865583130163103, 0.6865583130163103, 0.6865583130163103, 0.6865583130163103, 0.6867529892795059, 0.6867529892795059, 0.6867529892795059, 0.6867529892795059, 0.6872356261280433, 0.6872356261280433, 0.6872356261280433, 0.6872356261280433, 0.6872356261280433, 0.6872356261280433, 0.6872356261280433, 0.6872356261280433, 0.6872356261280433, 0.6872356261280433, 0.6872356261280433, 0.6874881260643512, 0.6874881260643512, 0.6874881260643512, 0.6874881260643512, 0.6874881260643512, 0.6874881260643512, 0.6874881260643512, 0.6874881260643512, 0.6874881260643512, 0.6874881260643512, 0.6874881260643512, 0.6874881260643512, 0.6874881260643512, 0.6874881260643512, 0.6874881260643512, 0.6874881260643512, 0.6874881260643512, 0.6874881260643512, 0.6874881260643512, 0.6874881260643512, 0.6874881260643512, 0.6874961118220816, 0.6874961118220816, 0.6874961118220816, 0.6874961118220816, 0.6874961118220816, 0.6874961118220816, 0.6874961118220816, 0.6874961118220816, 0.6874961118220816, 0.6874961118220816, 0.6874961118220816, 0.6874961118220816, 0.6874961118220816, 0.6874998565215478, 0.6874998565215478]"
