seed,best_fitness,final_fitness,runtime,diversity,top_mofs,fitness_history
25,0.6873886183371434,0.6873886183371434,3.4575071334838867,0.0,"['ZOGBII', 'ZOGBII', 'ZOGBII', 'ZOGBII', 'ZOGBII']","[0.6130645173084337, 0.6530988764174804, 0.6575876505852608, 0.6575876505852608, 0.6777804163808698, 0.6777804163808698, 0.6777804163808698, 0.6777804163808698, 0.6777804163808698, 0.6777804163808698, 0.6777804163808698, 0.6777804163808698, 0.6777804163808698, 0.6777804163808698, 0.6777804163808698, 0.6777804163808698, 0.6777804163808698, 0.6777804163808698, 0.6777804163808698, 0.6777804163808698, 0.6777804163808698, 0.6777804163808698, 0.6777804163808698, 0.6777804163808698, 0.6777804163808698, 0.6777804163808698, 0.6777804163808698, 0.6777804163808698, 0.6777804163808698, 0.684262320930419, 0.684262320930419, 0.684262320930419, 0.684262320930419, 0.684262320930419, 0.6844737516629796, 0.6844737516629796, 0.6844737516629796, 0.6844737516629796, 0.6844737516629796, 0.6858842588049096, 0.6858842588049096, 0.6858842588049096, 0.6858842588049096, 0.6858842588049096, 0.6858842588049096, 0.6858842588049096, 0.6858842588049096, 0.6858842588049096, 0.6858842588049096, 0.6858842588049096, 0.6858842588049096, 0.6858842588049096, 0.6858842588049096, 0.6858842588049096, 0.6858842588049096, 0.6858842588049096, 0.6858842588049096, 0.6858842588049096, 0.6858842588049096, 0.6858842588049096, 0.6858842588049096, 0.6858842588049096, 0.6858842588049096, 0.6858842588049096, 0.6858842588049096, 0.6858842588049096, 0.6858842588049096, 0.6858842588049096, 0.6858842588049096, 0.6858842588049096, 0.6858842588049096, 0.6858842588049096, 0.6858842588049096, 0.6858842588049096, 0.6858842588049096, 0.6858842588049096, 0.6858842588049096, 0.6858842588049096, 0.6858842588049096, 0.6858842588049096, 0.6858842588049096, 0.6858842588049096, 0.6858842588049096, 0.6858842588049096, 0.6873084732282541, 0.6873084732282541, 0.6873084732282541, 0.6873084732282541, 0.6873084732282541, 0.6873084732282541, 0.6873084732282541, 0.6873084732282541, 0.6873084732282541, 0.6873084732282541, 0.6873084732282541, 0.6873886183371434, 0.6873886183371434, 0.6873886183371434, 0.6873886183371434, 0.6873886183371434]"
