seed,best_fitness,final_fitness,runtime,diversity,top_mofs,fitness_history
8,0.6874999903906883,0.6874999903906883,3.4686059951782227,0.0,"['ZOGBII', 'ZOGBII', 'ZOGBII', 'ZOGBII', 'ZOGBII']","[0.6002451474190255, 0.6767754493658726, 0.6767754493658726, 0.6767754493658726, 0.6767754493658726, 0.6767754493658726, 0.6767754493658726, 0.6767754493658726, 0.6767754493658726, 0.6862254257701691, 0.6862254257701691, 0.6862254257701691, 0.6862254257701691, 0.6869210256666035, 0.6869210256666035, 0.6869210256666035, 0.6869210256666035, 0.6869210256666035, 0.6869210256666035, 0.6869210256666035, 0.6869210256666035, 0.687388102711037, 0.687388102711037, 0.687388102711037, 0.687388102711037, 0.687388102711037, 0.68741319015373, 0.68741319015373, 0.68741319015373, 0.6874809425063751, 0.6874809425063751, 0.6874809425063751, 0.6874809425063751, 0.6874809425063751, 0.6874809425063751, 0.6874809425063751, 0.6874809425063751, 0.6874809425063751, 0.6874809425063751, 0.6874809425063751, 0.6874809425063751, 0.6874809425063751, 0.6874809425063751, 0.6874809425063751, 0.6874845757712169, 0.6874898150711292, 0.6874898150711292, 0.6874945126133191, 0.6874945126133191, 0.6874945126133191, 0.6874945126133191, 0.6874980280703368, 0.6874980280703368, 0.6874980280703368, 0.6874980280703368, 0.6874980280703368, 0.6874980280703368, 0.6874980280703368, 0.6874980280703368, 0.6874980280703368, 0.6874980280703368, 0.6874980280703368, 0.6874980280703368, 0.6874980280703368, 0.6874980280703368, 0.6874980280703368, 0.6874980280703368, 0.6874980280703368, 0.6874980280703368, 0.6874980280703368, 0.6874980280703368, 0.6874980280703368, 0.6874988976615956, 0.6874988976615956, 0.6874988976615956, 0.6874988976615956, 0.6874988976615956, 0.6874988976615956, 0.6874988976615956, 0.6874988976615956, 0.6874988976615956, 0.6874988976615956, 0.6874988976615956, 0.6874988976615956, 0.6874988976615956, 0.6874988976615956, 0.6874988976615956, 0.6874988976615956, 0.6874998571962028, 0.6874998571962028, 0.687499960334926, 0.687499960334926, 0.687499960334926, 0.687499960334926, 0.687499960334926, 0.687499960334926, 0.687499960334926, 0.687499960334926, 0.6874999903906883, 0.6874999903906883]"
