seed,best_fitness,final_fitness,runtime,diversity,top_mofs,fitness_history
23,0.6874999289775972,0.6874999289775972,3.45585298538208,0.0,"['ZOGBII', 'ZOGBII', 'ZOGBII', 'ZOGBII', 'ZOGBII']","[0.6447083222436324, 0.664418862603717, 0.6843528109395564, 0.6843528109395564, 0.6843528109395564, 0.6843528109395564, 0.687108675222227, 0.687108675222227, 0.687108675222227, 0.687108675222227, 0.687108675222227, 0.687108675222227, 0.687108675222227, 0.687108675222227, 0.687108675222227, 0.687108675222227, 0.687108675222227, 0.687108675222227, 0.687108675222227, 0.6874501179433605, 0.6874501179433605, 0.6874501179433605, 0.6874501179433605, 0.6874501179433605, 0.6874501179433605, 0.6874501179433605, 0.6874501179433605, 0.6874501179433605, 0.6874501179433605, 0.6874501179433605, 0.6874501179433605, 0.6874501179433605, 0.6874501179433605, 0.6874501179433605, 0.6874501179433605, 0.6874501179433605, 0.6874501179433605, 0.6874501179433605, 0.6874501179433605, 0.6874501179433605, 0.6874501179433605, 0.6874501179433605, 0.6874501179433605, 0.6874501179433605, 0.6874501179433605, 0.6874501179433605, 0.6874501179433605, 0.6874780396688955, 0.6874780396688955, 0.6874780396688955, 0.6874780396688955, 0.6874884850865033, 0.6874884850865033, 0.6874884850865033, 0.6874884850865033, 0.6874884850865033, 0.6874962203128013, 0.6874962203128013, 0.6874962203128013, 0.6874962203128013, 0.6874962203128013, 0.6874962203128013, 0.6874962203128013, 0.687496924430807, 0.687496924430807, 0.687496924430807, 0.687496924430807, 0.687496924430807, 0.687496924430807, 0.687496924430807, 0.687496924430807, 0.687496924430807, 0.687496924430807, 0.687496924430807, 0.687496924430807, 0.687496924430807, 0.687496924430807, 0.687496924430807, 0.687496924430807, 0.687496924430807, 0.687496924430807, 0.6874989684936664, 0.6874989684936664, 0.6874998190370468, 0.6874998190370468, 0.6874998190370468, 0.6874998190370468, 0.6874998190370468, 0.6874998190370468, 0.6874998190370468, 0.6874998190370468, 0.6874998190370468, 0.6874998190370468, 0.6874998190370468, 0.6874998190370468, 0.6874998190370468, 0.6874998190370468, 0.6874999289775972, 0.6874999289775972, 0.6874999289775972]"
