seed,best_fitness,final_fitness,runtime,diversity,top_mofs,fitness_history
4,0.6874974969239737,0.6874974969239737,3.47066593170166,0.0,"['ZOGBII', 'ZOGBII', 'ZOGBII', 'ZOGBII', 'ZOGBII']","[0.525241171436299, 0.6174375431776676, 0.6174375431776676, 0.6512888065149497, 0.6512888065149497, 0.6566110300751915, 0.6625784154435362, 0.6625784154435362, 0.6625784154435362, 0.6625784154435362, 0.6625784154435362, 0.6625784154435362, 0.662811838708616, 0.662811838708616, 0.662811838708616, 0.6861480735483615, 0.6861480735483615, 0.6861480735483615, 0.6861480735483615, 0.6861480735483615, 0.6861480735483615, 0.6861480735483615, 0.6861480735483615, 0.6861480735483615, 0.686312379732139, 0.686312379732139, 0.686312379732139, 0.686312379732139, 0.6864880141734212, 0.6864880141734212, 0.6864880141734212, 0.6864880141734212, 0.6866521180037333, 0.6866521180037333, 0.6866521180037333, 0.6866521180037333, 0.6868898976990164, 0.6872670243290677, 0.6874689870298965, 0.6874689870298965, 0.6874689870298965, 0.6874689870298965, 0.6874689870298965, 0.6874689870298965, 0.6874689870298965, 0.6874689870298965, 0.6874689870298965, 0.6874958817094019, 0.6874958817094019, 0.6874958817094019, 0.6874958817094019, 0.6874958817094019, 0.6874958817094019, 0.6874958817094019, 0.6874958817094019, 0.6874958817094019, 0.6874958817094019, 0.6874958817094019, 0.6874958817094019, 0.6874958817094019, 0.6874958817094019, 0.6874958817094019, 0.6874958817094019, 0.6874958817094019, 0.6874958817094019, 0.6874958817094019, 0.6874958817094019, 0.6874958817094019, 0.6874958817094019, 0.6874958817094019, 0.6874958817094019, 0.6874958817094019, 0.6874958817094019, 0.6874958817094019, 0.6874958817094019, 0.6874958817094019, 0.6874958817094019, 0.6874958817094019, 0.6874958817094019, 0.6874958817094019, 0.6874958817094019, 0.6874958817094019, 0.6874958817094019, 0.6874958817094019, 0.6874958817094019, 0.6874958817094019, 0.6874958817094019, 0.6874958817094019, 0.6874973692272116, 0.6874973692272116, 0.6874973692272116, 0.6874973692272116, 0.6874973692272116, 0.6874973692272116, 0.6874974969239737, 0.6874974969239737, 0.6874974969239737, 0.6874974969239737, 0.6874974969239737, 0.6874974969239737]"
