seed,best_fitness,final_fitness,runtime,diversity,top_mofs,fitness_history
3,0.6871593632711984,0.6871593632711984,3.482024908065796,0.0,"['ZOGBII', 'ZOGBII', 'ZOGBII', 'ZOGBII', 'ZOGBII']","[0.6532768540021087, 0.6665537430062908, 0.6680615060603656, 0.6680615060603656, 0.6680615060603656, 0.6680615060603656, 0.6680615060603656, 0.6680615060603656, 0.6680615060603656, 0.6680615060603656, 0.6681255687673081, 0.6681255687673081, 0.6681255687673081, 0.6681255687673081, 0.6705004202506201, 0.6778598648953711, 0.6778598648953711, 0.6778598648953711, 0.6778598648953711, 0.6778598648953711, 0.6778598648953711, 0.6778598648953711, 0.6778598648953711, 0.6778598648953711, 0.6778598648953711, 0.6778598648953711, 0.6778598648953711, 0.6778598648953711, 0.6778598648953711, 0.6778598648953711, 0.6778598648953711, 0.6778598648953711, 0.6778598648953711, 0.6778598648953711, 0.6778598648953711, 0.6778598648953711, 0.6778598648953711, 0.6778598648953711, 0.6778598648953711, 0.6778598648953711, 0.6778598648953711, 0.6865679318811925, 0.6865679318811925, 0.6865679318811925, 0.6865679318811925, 0.6865679318811925, 0.6865679318811925, 0.6865679318811925, 0.6865679318811925, 0.6865679318811925, 0.6865679318811925, 0.6865679318811925, 0.6865679318811925, 0.6865679318811925, 0.6865679318811925, 0.6865679318811925, 0.6865679318811925, 0.6865679318811925, 0.6865679318811925, 0.6865679318811925, 0.6865679318811925, 0.6865679318811925, 0.6871593632711984, 0.6871593632711984, 0.6871593632711984, 0.6871593632711984, 0.6871593632711984, 0.6871593632711984, 0.6871593632711984, 0.6871593632711984, 0.6871593632711984, 0.6871593632711984, 0.6871593632711984, 0.6871593632711984, 0.6871593632711984, 0.6871593632711984, 0.6871593632711984, 0.6871593632711984, 0.6871593632711984, 0.6871593632711984, 0.6871593632711984, 0.6871593632711984, 0.6871593632711984, 0.6871593632711984, 0.6871593632711984, 0.6871593632711984, 0.6871593632711984, 0.6871593632711984, 0.6871593632711984, 0.6871593632711984, 0.6871593632711984, 0.6871593632711984, 0.6871593632711984, 0.6871593632711984, 0.6871593632711984, 0.6871593632711984, 0.6871593632711984, 0.6871593632711984, 0.6871593632711984, 0.6871593632711984]"
