seed,best_fitness,final_fitness,runtime,diversity,top_mofs,fitness_history
17,0.6871041555321064,0.6871041555321064,3.458587169647217,0.0,"['ZOGBII', 'ZOGBII', 'ZOGBII', 'ZOGBII', 'ZOGBII']","[0.6117490130101878, 0.6376313085744563, 0.64370654924942, 0.64370654924942, 0.6834411741399172, 0.6834411741399172, 0.6834411741399172, 0.6834411741399172, 0.6834411741399172, 0.6834411741399172, 0.6834411741399172, 0.6834411741399172, 0.6834411741399172, 0.6834411741399172, 0.6834411741399172, 0.6834411741399172, 0.6834411741399172, 0.6834411741399172, 0.6834411741399172, 0.6834411741399172, 0.6834411741399172, 0.6834411741399172, 0.6834411741399172, 0.6834411741399172, 0.6834411741399172, 0.6834411741399172, 0.6834411741399172, 0.6834411741399172, 0.6834411741399172, 0.6834411741399172, 0.6834411741399172, 0.6834411741399172, 0.6834411741399172, 0.6860095394149273, 0.6860095394149273, 0.6860095394149273, 0.6860095394149273, 0.6863539218354071, 0.6863539218354071, 0.6863539218354071, 0.6863539218354071, 0.6863539218354071, 0.6863539218354071, 0.6863539218354071, 0.6863539218354071, 0.6863539218354071, 0.6863539218354071, 0.6863539218354071, 0.6863539218354071, 0.6863539218354071, 0.6863539218354071, 0.6863539218354071, 0.6863539218354071, 0.6863539218354071, 0.6863539218354071, 0.6863539218354071, 0.6863539218354071, 0.6863539218354071, 0.6863539218354071, 0.6863539218354071, 0.6863539218354071, 0.6863539218354071, 0.6863539218354071, 0.6863539218354071, 0.6863539218354071, 0.6863539218354071, 0.6863539218354071, 0.6863539218354071, 0.6863539218354071, 0.6863539218354071, 0.6863539218354071, 0.6863539218354071, 0.6863539218354071, 0.6863539218354071, 0.6863539218354071, 0.6863539218354071, 0.6863539218354071, 0.6863539218354071, 0.6863539218354071, 0.6863539218354071, 0.6863539218354071, 0.686798281661288, 0.686798281661288, 0.6870775076717645, 0.6870775076717645, 0.6870775076717645, 0.6870775076717645, 0.6870775076717645, 0.6870775076717645, 0.6870775076717645, 0.6870775076717645, 0.6870775076717645, 0.6870775076717645, 0.6870775076717645, 0.6870775076717645, 0.6870775076717645, 0.6870775076717645, 0.6870775076717645, 0.6870775076717645, 0.6871041555321064]"
