seed,best_fitness,final_fitness,runtime,diversity,top_mofs,fitness_history
21,0.687496617641854,0.687496617641854,3.5055480003356934,0.0,"['ZOGBII', 'ZOGBII', 'ZOGBII', 'ZOGBII', 'ZOGBII']","[0.587798462381428, 0.6082491522397326, 0.6082491522397326, 0.6497212663652789, 0.6803037602623648, 0.6803037602623648, 0.6803037602623648, 0.6803037602623648, 0.6803037602623648, 0.6803037602623648, 0.6803037602623648, 0.6803037602623648, 0.6803037602623648, 0.6828551164897304, 0.6828551164897304, 0.6828551164897304, 0.6828551164897304, 0.6828551164897304, 0.6828551164897304, 0.6828551164897304, 0.6828551164897304, 0.6828551164897304, 0.6828551164897304, 0.6828551164897304, 0.6828551164897304, 0.6828551164897304, 0.6828551164897304, 0.6828551164897304, 0.6828551164897304, 0.6828551164897304, 0.6828551164897304, 0.6828551164897304, 0.6828551164897304, 0.6828551164897304, 0.6828551164897304, 0.6828551164897304, 0.6843670383373303, 0.6843670383373303, 0.6843670383373303, 0.6843670383373303, 0.6843670383373303, 0.6861289219570271, 0.6861289219570271, 0.6873748922945001, 0.6873748922945001, 0.6873748922945001, 0.6873748922945001, 0.6873748922945001, 0.6873748922945001, 0.6873748922945001, 0.6873748922945001, 0.6873748922945001, 0.6873748922945001, 0.6873748922945001, 0.6873748922945001, 0.6873748922945001, 0.6873748922945001, 0.6874410590676323, 0.6874410590676323, 0.6874410590676323, 0.6874410590676323, 0.6874410590676323, 0.6874410590676323, 0.6874410590676323, 0.687496617641854, 0.687496617641854, 0.687496617641854, 0.687496617641854, 0.687496617641854, 0.687496617641854, 0.687496617641854, 0.687496617641854, 0.687496617641854, 0.687496617641854, 0.687496617641854, 0.687496617641854, 0.687496617641854, 0.687496617641854, 0.687496617641854, 0.687496617641854, 0.687496617641854, 0.687496617641854, 0.687496617641854, 0.687496617641854, 0.687496617641854, 0.687496617641854, 0.687496617641854, 0.687496617641854, 0.687496617641854, 0.687496617641854, 0.687496617641854, 0.687496617641854, 0.687496617641854, 0.687496617641854, 0.687496617641854, 0.687496617641854, 0.687496617641854, 0.687496617641854, 0.687496617641854, 0.687496617641854]"
