seed,best_fitness,final_fitness,runtime,diversity,top_mofs,fitness_history
10,0.6874986199535408,0.6874986199535408,3.471557140350342,0.0,"['ZOGBII', 'ZOGBII', 'ZOGBII', 'ZOGBII', 'ZOGBII']","[0.6510645764599444, 0.6510645764599444, 0.6515593533934712, 0.6557034593198966, 0.6586043334683944, 0.6606349453723429, 0.6771404090209004, 0.6771404090209004, 0.6771404090209004, 0.6771404090209004, 0.6810292388397395, 0.6825963765141111, 0.6825963765141111, 0.6825963765141111, 0.6831092826905002, 0.6831092826905002, 0.6873954471092678, 0.6873954471092678, 0.6873954471092678, 0.6873954471092678, 0.6873954471092678, 0.6873954471092678, 0.6873954471092678, 0.6873954471092678, 0.6873954471092678, 0.6873954471092678, 0.6873954471092678, 0.6873954471092678, 0.6873954471092678, 0.6873954471092678, 0.6873954471092678, 0.6873954471092678, 0.6873954471092678, 0.6873954471092678, 0.6873954471092678, 0.6873954471092678, 0.6873954471092678, 0.6873954471092678, 0.6873954471092678, 0.6873954471092678, 0.6873970967491616, 0.6873970967491616, 0.6873970967491616, 0.6873970967491616, 0.6873970967491616, 0.6874893116297446, 0.6874893116297446, 0.6874893116297446, 0.6874893116297446, 0.6874893116297446, 0.6874893116297446, 0.6874893116297446, 0.6874893116297446, 0.6874893116297446, 0.6874893116297446, 0.6874893116297446, 0.6874893116297446, 0.6874893116297446, 0.6874893116297446, 0.6874893116297446, 0.6874893116297446, 0.6874930016581656, 0.6874930016581656, 0.6874930016581656, 0.6874930016581656, 0.6874930016581656, 0.6874930016581656, 0.6874930016581656, 0.6874930016581656, 0.6874930016581656, 0.6874945396111997, 0.6874945396111997, 0.6874945396111997, 0.6874945396111997, 0.6874945396111997, 0.6874945396111997, 0.6874945396111997, 0.6874945396111997, 0.6874945396111997, 0.6874945396111997, 0.6874971971959399, 0.6874971971959399, 0.6874971971959399, 0.6874971971959399, 0.6874971971959399, 0.6874971971959399, 0.6874978918425138, 0.6874978918425138, 0.6874978918425138, 0.6874986199535408, 0.6874986199535408, 0.6874986199535408, 0.6874986199535408, 0.6874986199535408, 0.6874986199535408, 0.6874986199535408, 0.6874986199535408, 0.6874986199535408, 0.6874986199535408, 0.6874986199535408]"
