seed,best_fitness,final_fitness,runtime,diversity,top_mofs,fitness_history
18,0.6874897198685946,0.6874897198685946,3.488063097000122,0.0,"['ZOGBII', 'ZOGBII', 'ZOGBII', 'ZOGBII', 'ZOGBII']","[0.6242183518265716, 0.6666060774706198, 0.6666060774706198, 0.6666060774706198, 0.6666060774706198, 0.6666060774706198, 0.6666060774706198, 0.6666060774706198, 0.6666060774706198, 0.6720902310602751, 0.6720902310602751, 0.6731008691273003, 0.6731008691273003, 0.6731008691273003, 0.6734969252506791, 0.6734969252506791, 0.6734969252506791, 0.6807204073789388, 0.681177469100379, 0.681177469100379, 0.6828781157202991, 0.6845113911206226, 0.6845113911206226, 0.6845113911206226, 0.68705001986681, 0.68705001986681, 0.68705001986681, 0.68705001986681, 0.6871393721924476, 0.6871393721924476, 0.6871393721924476, 0.6871393721924476, 0.6871393721924476, 0.6871393721924476, 0.6871393721924476, 0.6871393721924476, 0.6871393721924476, 0.6871393721924476, 0.6871393721924476, 0.6871393721924476, 0.6871393721924476, 0.6871393721924476, 0.6871393721924476, 0.6871393721924476, 0.6871393721924476, 0.6871393721924476, 0.6871393721924476, 0.6871393721924476, 0.6871393721924476, 0.6871393721924476, 0.6871393721924476, 0.6871393721924476, 0.6871393721924476, 0.6871393721924476, 0.6871393721924476, 0.6871393721924476, 0.6871393721924476, 0.6871393721924476, 0.6871393721924476, 0.6871393721924476, 0.6871393721924476, 0.6871393721924476, 0.6871393721924476, 0.6871393721924476, 0.6871393721924476, 0.6871393721924476, 0.6871393721924476, 0.6871393721924476, 0.6871393721924476, 0.6871393721924476, 0.6871393721924476, 0.6872453183866019, 0.6872453183866019, 0.6872453183866019, 0.6872453183866019, 0.6872453183866019, 0.6872453183866019, 0.6872453183866019, 0.6872453183866019, 0.6872453183866019, 0.6872453183866019, 0.6872453183866019, 0.6872453183866019, 0.6872453183866019, 0.6872453183866019, 0.6872453183866019, 0.6872453183866019, 0.6872453183866019, 0.6874056423516205, 0.6874056423516205, 0.6874056423516205, 0.6874056423516205, 0.6874056423516205, 0.6874513431761698, 0.6874513431761698, 0.6874513431761698, 0.6874513431761698, 0.6874513431761698, 0.6874897198685946, 0.6874897198685946]"
