seed,best_fitness,final_fitness,runtime,diversity,top_mofs,fitness_history
16,0.6874576252418396,0.6874576252418396,3.480884075164795,0.0,"['ZOGBII', 'ZOGBII', 'ZOGBII', 'ZOGBII', 'ZOGBII']","[0.6443954204155893, 0.6850251272291671, 0.6850251272291671, 0.6850251272291671, 0.6850251272291671, 0.6850251272291671, 0.6850251272291671, 0.6850251272291671, 0.6850251272291671, 0.6850251272291671, 0.6850251272291671, 0.6850251272291671, 0.6850251272291671, 0.6850251272291671, 0.6850251272291671, 0.6850251272291671, 0.6850251272291671, 0.6850251272291671, 0.6850251272291671, 0.6850251272291671, 0.6850251272291671, 0.6850251272291671, 0.6850251272291671, 0.6850251272291671, 0.6850251272291671, 0.6850251272291671, 0.6850251272291671, 0.6850251272291671, 0.6850251272291671, 0.6850251272291671, 0.6850251272291671, 0.6850251272291671, 0.6863278743243962, 0.6863278743243962, 0.6863278743243962, 0.6863278743243962, 0.6863278743243962, 0.6863278743243962, 0.6863278743243962, 0.6863278743243962, 0.6863278743243962, 0.6863278743243962, 0.6863278743243962, 0.6863278743243962, 0.6863278743243962, 0.6863278743243962, 0.6863278743243962, 0.6863278743243962, 0.6863278743243962, 0.6863278743243962, 0.6863278743243962, 0.6863278743243962, 0.6863278743243962, 0.6863278743243962, 0.6863278743243962, 0.6863278743243962, 0.6863278743243962, 0.6863278743243962, 0.6863278743243962, 0.6863278743243962, 0.6863278743243962, 0.6863278743243962, 0.6863278743243962, 0.6863278743243962, 0.6863278743243962, 0.6863278743243962, 0.6863278743243962, 0.6863278743243962, 0.6863278743243962, 0.6863278743243962, 0.6869012073518423, 0.6869012073518423, 0.6869012073518423, 0.6869012073518423, 0.6869012073518423, 0.6874406094971686, 0.6874406094971686, 0.6874406094971686, 0.6874406094971686, 0.6874406094971686, 0.6874406094971686, 0.6874406094971686, 0.6874406094971686, 0.6874406094971686, 0.6874406094971686, 0.6874406094971686, 0.6874406094971686, 0.6874406094971686, 0.6874406094971686, 0.6874406094971686, 0.6874406094971686, 0.6874406094971686, 0.6874406094971686, 0.6874406094971686, 0.6874576252418396, 0.6874576252418396, 0.6874576252418396, 0.6874576252418396, 0.6874576252418396, 0.6874576252418396]"
