seed,best_fitness,final_fitness,runtime,diversity,top_mofs,fitness_history
0,0.6873982180976036,0.6873982180976036,3.464116096496582,0.0,"['ZOGBII', 'ZOGBII', 'ZOGBII', 'ZOGBII', 'ZOGBII']","[0.6341226641991555, 0.6341226641991555, 0.6433052830138071, 0.6433052830138071, 0.6446293547633772, 0.6691055413014976, 0.6691055413014976, 0.6691055413014976, 0.6691055413014976, 0.6691055413014976, 0.6691055413014976, 0.6691055413014976, 0.6691055413014976, 0.6691055413014976, 0.6691055413014976, 0.669768757446274, 0.669768757446274, 0.669768757446274, 0.669768757446274, 0.669768757446274, 0.6736576600173919, 0.6753373483401349, 0.6753373483401349, 0.6753373483401349, 0.6753373483401349, 0.6753373483401349, 0.6753373483401349, 0.6753373483401349, 0.6761590359471056, 0.6761590359471056, 0.6761590359471056, 0.6761590359471056, 0.6761590359471056, 0.6761590359471056, 0.6761590359471056, 0.6761590359471056, 0.6761590359471056, 0.6761590359471056, 0.6761590359471056, 0.6761590359471056, 0.6761590359471056, 0.6761590359471056, 0.6761590359471056, 0.6761590359471056, 0.6761590359471056, 0.6761590359471056, 0.6817668205128484, 0.6817668205128484, 0.6817668205128484, 0.6835884383315688, 0.6835884383315688, 0.6873982180976036, 0.6873982180976036, 0.6873982180976036, 0.6873982180976036, 0.6873982180976036, 0.6873982180976036, 0.6873982180976036, 0.6873982180976036, 0.6873982180976036, 0.6873982180976036, 0.6873982180976036, 0.6873982180976036, 0.6873982180976036, 0.6873982180976036, 0.6873982180976036, 0.6873982180976036, 0.6873982180976036, 0.6873982180976036, 0.6873982180976036, 0.6873982180976036, 0.6873982180976036, 0.6873982180976036, 0.6873982180976036, 0.6873982180976036, 0.6873982180976036, 0.6873982180976036, 0.6873982180976036, 0.6873982180976036, 0.6873982180976036, 0.6873982180976036, 0.6873982180976036, 0.6873982180976036, 0.6873982180976036, 0.6873982180976036, 0.6873982180976036, 0.6873982180976036, 0.6873982180976036, 0.6873982180976036, 0.6873982180976036, 0.6873982180976036, 0.6873982180976036, 0.6873982180976036, 0.6873982180976036, 0.6873982180976036, 0.6873982180976036, 0.6873982180976036, 0.6873982180976036, 0.6873982180976036, 0.6873982180976036]"
