seed,best_fitness,final_fitness,runtime,diversity,top_mofs,fitness_history
1,0.6874999945315212,0.6874999945315212,3.477519989013672,0.0,"['ZOGBII', 'ZOGBII', 'ZOGBII', 'ZOGBII', 'ZOGBII']","[0.6241909453692496, 0.6846501446094548, 0.6846501446094548, 0.6846501446094548, 0.6846501446094548, 0.6846501446094548, 0.6846501446094548, 0.6846501446094548, 0.6846501446094548, 0.6846501446094548, 0.6846501446094548, 0.6846501446094548, 0.6846501446094548, 0.6846501446094548, 0.6846501446094548, 0.6846501446094548, 0.6846501446094548, 0.6850258426312589, 0.6850258426312589, 0.6850258426312589, 0.6871385017200141, 0.6871385017200141, 0.6871385017200141, 0.6871385017200141, 0.6871385017200141, 0.6871385017200141, 0.6871385017200141, 0.6871385017200141, 0.6871385017200141, 0.6871385017200141, 0.6871385017200141, 0.6871385017200141, 0.6871385017200141, 0.6871385017200141, 0.6871385017200141, 0.6871385017200141, 0.6871385017200141, 0.6871385017200141, 0.6871385017200141, 0.6871385017200141, 0.6871385017200141, 0.687219388086157, 0.687219388086157, 0.687219388086157, 0.687219388086157, 0.687219388086157, 0.687219388086157, 0.687219388086157, 0.687219388086157, 0.687219388086157, 0.687219388086157, 0.687219388086157, 0.687219388086157, 0.687219388086157, 0.687219388086157, 0.687219388086157, 0.687219388086157, 0.687219388086157, 0.6873484484344706, 0.6873484484344706, 0.6873484484344706, 0.6873881156486946, 0.6874558904780693, 0.6874966671413684, 0.6874966671413684, 0.6874966671413684, 0.6874966671413684, 0.6874966671413684, 0.6874985437345332, 0.6874985437345332, 0.687498838051087, 0.687498838051087, 0.687498838051087, 0.687498838051087, 0.687498838051087, 0.6874996005635196, 0.6874996005635196, 0.6874996005635196, 0.6874996005635196, 0.6874996005635196, 0.6874999945315212, 0.6874999945315212, 0.6874999945315212, 0.6874999945315212, 0.6874999945315212, 0.6874999945315212, 0.6874999945315212, 0.6874999945315212, 0.6874999945315212, 0.6874999945315212, 0.6874999945315212, 0.6874999945315212, 0.6874999945315212, 0.6874999945315212, 0.6874999945315212, 0.6874999945315212, 0.6874999945315212, 0.6874999945315212, 0.6874999945315212, 0.6874999945315212]"
