seed,best_fitness,final_fitness,runtime,diversity,top_mofs,fitness_history
5,0.6874792001622878,0.6874792001622878,3.464052200317383,0.0,"['ZOGBII', 'ZOGBII', 'ZOGBII', 'ZOGBII', 'ZOGBII']","[0.6339765313941511, 0.6455285839755388, 0.6536150207825102, 0.6548089804948634, 0.6636160853037872, 0.6636160853037872, 0.6636160853037872, 0.6636160853037872, 0.6720042697343666, 0.6720042697343666, 0.6720042697343666, 0.6720042697343666, 0.6720042697343666, 0.6720042697343666, 0.6720042697343666, 0.6749919859434662, 0.6749919859434662, 0.6749919859434662, 0.6749919859434662, 0.6749919859434662, 0.678802347449751, 0.678802347449751, 0.678802347449751, 0.678802347449751, 0.678802347449751, 0.678802347449751, 0.678802347449751, 0.678802347449751, 0.678802347449751, 0.678802347449751, 0.678802347449751, 0.678802347449751, 0.678802347449751, 0.678802347449751, 0.678802347449751, 0.6834537586872911, 0.6834537586872911, 0.6834537586872911, 0.6834537586872911, 0.6834537586872911, 0.6834537586872911, 0.6834537586872911, 0.6834537586872911, 0.6834537586872911, 0.6834537586872911, 0.6834537586872911, 0.6834537586872911, 0.6834537586872911, 0.6834537586872911, 0.6834537586872911, 0.6834537586872911, 0.6834537586872911, 0.6834537586872911, 0.6834537586872911, 0.6834537586872911, 0.6834537586872911, 0.6834537586872911, 0.6834537586872911, 0.6834537586872911, 0.6834537586872911, 0.6834537586872911, 0.6834537586872911, 0.6834537586872911, 0.6834537586872911, 0.6834537586872911, 0.6834537586872911, 0.6834537586872911, 0.6834537586872911, 0.6834537586872911, 0.6870164519884959, 0.6870164519884959, 0.6870164519884959, 0.6870164519884959, 0.6870164519884959, 0.6870164519884959, 0.6870164519884959, 0.6870164519884959, 0.6870164519884959, 0.6870164519884959, 0.6872260783431959, 0.6872260783431959, 0.6872260783431959, 0.6872260783431959, 0.6872260783431959, 0.6872260783431959, 0.6872314701004245, 0.6872314701004245, 0.6872314701004245, 0.6872314701004245, 0.6872314701004245, 0.6873108215443072, 0.6873108215443072, 0.6873108215443072, 0.6874792001622878, 0.6874792001622878, 0.6874792001622878, 0.6874792001622878, 0.6874792001622878, 0.6874792001622878, 0.6874792001622878]"
