seed,best_fitness,final_fitness,runtime,diversity,top_mofs,fitness_history
24,0.6874999555535078,0.6874999555535078,3.4718987941741943,0.0,"['ZOGBII', 'ZOGBII', 'ZOGBII', 'ZOGBII', 'ZOGBII']","[0.5675633477334693, 0.6716383011348311, 0.6716383011348311, 0.6716383011348311, 0.6716383011348311, 0.6716383011348311, 0.6716383011348311, 0.6716383011348311, 0.675166841398516, 0.6761245360452736, 0.6761245360452736, 0.6761245360452736, 0.6761245360452736, 0.6761245360452736, 0.6761245360452736, 0.6761245360452736, 0.6761245360452736, 0.6761245360452736, 0.6766870474121325, 0.6766870474121325, 0.6766870474121325, 0.686557331212436, 0.686557331212436, 0.686557331212436, 0.686557331212436, 0.686557331212436, 0.686557331212436, 0.686557331212436, 0.686557331212436, 0.686557331212436, 0.686557331212436, 0.686557331212436, 0.686557331212436, 0.686557331212436, 0.6868203604251998, 0.6868203604251998, 0.6868203604251998, 0.6868203604251998, 0.6869518203855944, 0.6874999220677053, 0.6874999220677053, 0.6874999220677053, 0.6874999220677053, 0.6874999220677053, 0.6874999220677053, 0.6874999220677053, 0.6874999220677053, 0.6874999220677053, 0.6874999220677053, 0.6874999220677053, 0.6874999220677053, 0.6874999220677053, 0.6874999220677053, 0.6874999220677053, 0.6874999220677053, 0.6874999220677053, 0.6874999220677053, 0.6874999220677053, 0.6874999220677053, 0.6874999220677053, 0.6874999220677053, 0.6874999220677053, 0.6874999220677053, 0.6874999220677053, 0.6874999220677053, 0.6874999220677053, 0.6874999220677053, 0.6874999220677053, 0.6874999220677053, 0.6874999220677053, 0.6874999220677053, 0.6874999220677053, 0.6874999220677053, 0.6874999220677053, 0.6874999220677053, 0.6874999220677053, 0.6874999220677053, 0.6874999220677053, 0.6874999220677053, 0.6874999220677053, 0.6874999220677053, 0.6874999220677053, 0.6874999220677053, 0.6874999220677053, 0.6874999220677053, 0.6874999220677053, 0.6874999220677053, 0.6874999220677053, 0.6874999220677053, 0.6874999220677053, 0.6874999220677053, 0.6874999220677053, 0.6874999220677053, 0.6874999220677053, 0.6874999220677053, 0.6874999555535078, 0.6874999555535078, 0.6874999555535078, 0.6874999555535078, 0.6874999555535078]"
