seed,best_fitness,final_fitness,runtime,diversity,top_mofs,fitness_history
2,0.6874616976415459,0.6874616976415459,3.4753851890563965,0.0,"['ZOGBII', 'ZOGBII', 'ZOGBII', 'ZOGBII', 'ZOGBII']","[0.6189645612978388, 0.6571869817185081, 0.6571869817185081, 0.6586956072617933, 0.6586956072617933, 0.6631817681162114, 0.6631817681162114, 0.6631817681162114, 0.6631817681162114, 0.6631817681162114, 0.6631817681162114, 0.6631817681162114, 0.6679316759205831, 0.6679316759205831, 0.6837515798864068, 0.6837515798864068, 0.6837515798864068, 0.6837515798864068, 0.6837515798864068, 0.6837515798864068, 0.6837515798864068, 0.6837515798864068, 0.6837515798864068, 0.6837515798864068, 0.6837515798864068, 0.6837515798864068, 0.6837515798864068, 0.6837515798864068, 0.6837515798864068, 0.6837515798864068, 0.6837515798864068, 0.6837515798864068, 0.6837515798864068, 0.6837515798864068, 0.6837515798864068, 0.6837515798864068, 0.6837515798864068, 0.6837515798864068, 0.6864955813098567, 0.6864955813098567, 0.6864955813098567, 0.6864955813098567, 0.6864955813098567, 0.6864955813098567, 0.6864955813098567, 0.6864955813098567, 0.6864955813098567, 0.6864955813098567, 0.6864955813098567, 0.6864955813098567, 0.6864955813098567, 0.6864955813098567, 0.6864955813098567, 0.6864955813098567, 0.6864955813098567, 0.6864955813098567, 0.6864955813098567, 0.6865984284663619, 0.6865984284663619, 0.6865984284663619, 0.6865984284663619, 0.6867387008736766, 0.6867387008736766, 0.6867387008736766, 0.6867387008736766, 0.6867387008736766, 0.6867387008736766, 0.6867387008736766, 0.6867387008736766, 0.6867387008736766, 0.6867387008736766, 0.6867387008736766, 0.6867387008736766, 0.6867387008736766, 0.6867387008736766, 0.6867387008736766, 0.6868403653603917, 0.6868403653603917, 0.6868403653603917, 0.6868403653603917, 0.6868403653603917, 0.6868403653603917, 0.6868403653603917, 0.6868403653603917, 0.6868403653603917, 0.6868403653603917, 0.6870201609058025, 0.6870201609058025, 0.6873225831946522, 0.6873225831946522, 0.6873225831946522, 0.6873225831946522, 0.6873225831946522, 0.6873225831946522, 0.6873225831946522, 0.6874616976415459, 0.6874616976415459, 0.6874616976415459, 0.6874616976415459, 0.6874616976415459]"
