seed,best_fitness,final_fitness,runtime,diversity,top_mofs,fitness_history
15,0.6874763248016077,0.6874763248016077,3.477174758911133,0.0,"['ZOGBII', 'ZOGBII', 'ZOGBII', 'ZOGBII', 'ZOGBII']","[0.591818745013204, 0.591818745013204, 0.591818745013204, 0.6453366169209886, 0.6453366169209886, 0.6453366169209886, 0.6453366169209886, 0.6575925493569564, 0.6872601195818864, 0.6872601195818864, 0.6872601195818864, 0.6872601195818864, 0.6872601195818864, 0.6872601195818864, 0.6872601195818864, 0.6872601195818864, 0.6872601195818864, 0.6872601195818864, 0.6872601195818864, 0.6872601195818864, 0.6872601195818864, 0.6872601195818864, 0.6872601195818864, 0.6872601195818864, 0.6872601195818864, 0.6872601195818864, 0.6872601195818864, 0.6872601195818864, 0.6872601195818864, 0.6872601195818864, 0.6872601195818864, 0.6872601195818864, 0.6872601195818864, 0.6872601195818864, 0.6872601195818864, 0.6872601195818864, 0.6872601195818864, 0.6872601195818864, 0.6872601195818864, 0.6872601195818864, 0.6872601195818864, 0.6872601195818864, 0.6872601195818864, 0.6872601195818864, 0.6872601195818864, 0.6872601195818864, 0.6872601195818864, 0.6872601195818864, 0.6872601195818864, 0.6872601195818864, 0.6872601195818864, 0.6872601195818864, 0.6872601195818864, 0.6872601195818864, 0.6872601195818864, 0.6872601195818864, 0.6872601195818864, 0.6872601195818864, 0.6872601195818864, 0.6872601195818864, 0.6873943521767275, 0.6873943521767275, 0.6873943521767275, 0.6873943521767275, 0.6873943521767275, 0.6873943521767275, 0.6873943521767275, 0.6873943521767275, 0.6873943521767275, 0.6873943521767275, 0.6873943521767275, 0.6873943521767275, 0.6873943521767275, 0.6873943521767275, 0.6873943521767275, 0.6873943521767275, 0.6873943521767275, 0.6873943521767275, 0.6873943521767275, 0.6873943521767275, 0.6873943521767275, 0.6873943521767275, 0.6873943521767275, 0.6873943521767275, 0.6873943521767275, 0.6873943521767275, 0.6873943521767275, 0.6873943521767275, 0.6873943521767275, 0.6873943521767275, 0.6873943521767275, 0.6873943521767275, 0.6873943521767275, 0.6873943521767275, 0.6873943521767275, 0.6873943521767275, 0.6873943521767275, 0.6873943521767275, 0.6873943521767275, 0.6874763248016077]"
