seed,best_fitness,final_fitness,runtime,diversity,top_mofs,fitness_history
6,0.6874576146205905,0.6874576146205905,3.465693235397339,0.0,"['ZOGBII', 'ZOGBII', 'ZOGBII', 'ZOGBII', 'ZOGBII']","[0.6521574285956883, 0.6521574285956883, 0.6521574285956883, 0.6521574285956883, 0.6521574285956883, 0.6659597882779849, 0.6659597882779849, 0.6659597882779849, 0.6659597882779849, 0.6659597882779849, 0.6659597882779849, 0.6659597882779849, 0.6659597882779849, 0.6659597882779849, 0.6659597882779849, 0.6691403099579791, 0.677830403433616, 0.677830403433616, 0.677830403433616, 0.677830403433616, 0.677830403433616, 0.677830403433616, 0.677830403433616, 0.677830403433616, 0.677830403433616, 0.677830403433616, 0.677830403433616, 0.6871788999169494, 0.6871788999169494, 0.6871788999169494, 0.6871788999169494, 0.6871788999169494, 0.6871788999169494, 0.6871788999169494, 0.6871788999169494, 0.6871788999169494, 0.6871788999169494, 0.6871788999169494, 0.6871788999169494, 0.6871788999169494, 0.6871788999169494, 0.6871788999169494, 0.6871788999169494, 0.6871788999169494, 0.6871788999169494, 0.6871788999169494, 0.6871788999169494, 0.6871788999169494, 0.6871788999169494, 0.6871788999169494, 0.6871788999169494, 0.6873537033853124, 0.6873537033853124, 0.6874051835085185, 0.6874051835085185, 0.6874051835085185, 0.6874051835085185, 0.6874051835085185, 0.6874051835085185, 0.6874051835085185, 0.6874051835085185, 0.6874051835085185, 0.6874051835085185, 0.6874051835085185, 0.6874051835085185, 0.6874051835085185, 0.6874066044683264, 0.6874066044683264, 0.6874066044683264, 0.6874066044683264, 0.6874066044683264, 0.6874066044683264, 0.6874066044683264, 0.6874066044683264, 0.6874576146205905, 0.6874576146205905, 0.6874576146205905, 0.6874576146205905, 0.6874576146205905, 0.6874576146205905, 0.6874576146205905, 0.6874576146205905, 0.6874576146205905, 0.6874576146205905, 0.6874576146205905, 0.6874576146205905, 0.6874576146205905, 0.6874576146205905, 0.6874576146205905, 0.6874576146205905, 0.6874576146205905, 0.6874576146205905, 0.6874576146205905, 0.6874576146205905, 0.6874576146205905, 0.6874576146205905, 0.6874576146205905, 0.6874576146205905, 0.6874576146205905, 0.6874576146205905]"
