seed,best_fitness,final_fitness,runtime,diversity,top_mofs,fitness_history
13,0.6874995805279901,0.6874995805279901,3.4722537994384766,0.0,"['ZOGBII', 'ZOGBII', 'ZOGBII', 'ZOGBII', 'ZOGBII']","[0.6119286616168318, 0.6253943930604973, 0.6701910708665232, 0.6701910708665232, 0.6701910708665232, 0.6701910708665232, 0.6701910708665232, 0.6827734892438003, 0.6827734892438003, 0.6827734892438003, 0.6827734892438003, 0.6827734892438003, 0.6827734892438003, 0.6827734892438003, 0.6827734892438003, 0.6827734892438003, 0.6873599445085705, 0.6873599445085705, 0.6873599445085705, 0.6873599445085705, 0.6873599445085705, 0.6873599445085705, 0.6873599445085705, 0.6873599445085705, 0.6873599445085705, 0.6873599445085705, 0.6873599445085705, 0.6873599445085705, 0.6873599445085705, 0.6873599445085705, 0.6873599445085705, 0.6873599445085705, 0.6873599445085705, 0.6873599445085705, 0.6873599445085705, 0.6873599445085705, 0.6873599445085705, 0.6873599445085705, 0.6873599445085705, 0.6873599445085705, 0.6873599445085705, 0.6873599445085705, 0.6873599445085705, 0.6873599445085705, 0.6873599445085705, 0.6873599445085705, 0.6873599445085705, 0.6873599445085705, 0.6873599445085705, 0.6873599445085705, 0.6873599445085705, 0.6873599445085705, 0.6873599445085705, 0.6873599445085705, 0.6873599445085705, 0.6873599445085705, 0.6873599445085705, 0.6873599445085705, 0.6873599445085705, 0.6873599445085705, 0.6873599445085705, 0.6873599445085705, 0.6873599445085705, 0.6873599445085705, 0.6873599445085705, 0.6873599445085705, 0.6873599445085705, 0.6873599445085705, 0.6873599445085705, 0.6873599445085705, 0.6873599445085705, 0.6873599445085705, 0.6873599445085705, 0.6874708268735311, 0.6874708268735311, 0.6874708268735311, 0.6874708268735311, 0.6874708268735311, 0.6874708268735311, 0.6874708268735311, 0.6874708268735311, 0.6874708268735311, 0.6874743970799982, 0.6874978839154483, 0.6874978839154483, 0.6874978839154483, 0.6874978839154483, 0.6874978839154483, 0.6874978839154483, 0.6874978839154483, 0.6874978839154483, 0.6874978839154483, 0.6874995805279901, 0.6874995805279901, 0.6874995805279901, 0.6874995805279901, 0.6874995805279901, 0.6874995805279901, 0.6874995805279901, 0.6874995805279901]"
