seed,best_fitness,final_fitness,runtime,diversity,top_mofs,fitness_history
12,0.6874982182734163,0.6874982182734163,3.4813308715820312,0.0,"['ZOGBII', 'ZOGBII', 'ZOGBII', 'ZOGBII', 'ZOGBII']","[0.61783046862874, 0.663091039113938, 0.663091039113938, 0.6676196920721008, 0.6719690407434457, 0.675013584813387, 0.6771447656623459, 0.6775431830242816, 0.6775431830242816, 0.6775431830242816, 0.6775757167918702, 0.6776974882849697, 0.6777827283301393, 0.677842396361758, 0.6778841639838911, 0.6779134013193843, 0.6779338674542296, 0.6779481937486211, 0.6779582221546953, 0.6783772751677289, 0.6783772751677289, 0.6783772751677289, 0.6783772751677289, 0.6783772751677289, 0.6873899097916013, 0.6873899097916013, 0.6873899097916013, 0.6873899097916013, 0.6873899097916013, 0.6873899097916013, 0.6873899097916013, 0.6873899097916013, 0.6873899097916013, 0.6873899097916013, 0.6873899097916013, 0.6873899097916013, 0.6873899097916013, 0.6873899097916013, 0.6873899097916013, 0.6873899097916013, 0.6873899097916013, 0.6873899097916013, 0.6873899097916013, 0.6874982182734163, 0.6874982182734163, 0.6874982182734163, 0.6874982182734163, 0.6874982182734163, 0.6874982182734163, 0.6874982182734163, 0.6874982182734163, 0.6874982182734163, 0.6874982182734163, 0.6874982182734163, 0.6874982182734163, 0.6874982182734163, 0.6874982182734163, 0.6874982182734163, 0.6874982182734163, 0.6874982182734163, 0.6874982182734163, 0.6874982182734163, 0.6874982182734163, 0.6874982182734163, 0.6874982182734163, 0.6874982182734163, 0.6874982182734163, 0.6874982182734163, 0.6874982182734163, 0.6874982182734163, 0.6874982182734163, 0.6874982182734163, 0.6874982182734163, 0.6874982182734163, 0.6874982182734163, 0.6874982182734163, 0.6874982182734163, 0.6874982182734163, 0.6874982182734163, 0.6874982182734163, 0.6874982182734163, 0.6874982182734163, 0.6874982182734163, 0.6874982182734163, 0.6874982182734163, 0.6874982182734163, 0.6874982182734163, 0.6874982182734163, 0.6874982182734163, 0.6874982182734163, 0.6874982182734163, 0.6874982182734163, 0.6874982182734163, 0.6874982182734163, 0.6874982182734163, 0.6874982182734163, 0.6874982182734163, 0.6874982182734163, 0.6874982182734163, 0.6874982182734163]"
