seed,best_fitness,final_fitness,runtime,diversity,top_mofs,fitness_history
19,0.6874968966514817,0.6874968966514817,3.465501070022583,0.0,"['ZOGBII', 'ZOGBII', 'ZOGBII', 'ZOGBII', 'ZOGBII']","[0.5106543468805715, 0.662474504052193, 0.6710864817824839, 0.6710864817824839, 0.6710864817824839, 0.6710864817824839, 0.6710864817824839, 0.6710864817824839, 0.6710864817824839, 0.6710864817824839, 0.6710864817824839, 0.6753160687507359, 0.6753160687507359, 0.6753160687507359, 0.6753160687507359, 0.6872396146281863, 0.6872396146281863, 0.6872396146281863, 0.6872396146281863, 0.6872396146281863, 0.6872396146281863, 0.6872396146281863, 0.6872396146281863, 0.6872396146281863, 0.6872396146281863, 0.6872396146281863, 0.6873912658140594, 0.6873912658140594, 0.6873912658140594, 0.6873912658140594, 0.6873912658140594, 0.6873912658140594, 0.6873912658140594, 0.6873912658140594, 0.6873912658140594, 0.6873912658140594, 0.6873912658140594, 0.6873912658140594, 0.6873912658140594, 0.6873912658140594, 0.6873912658140594, 0.6873912658140594, 0.6873912658140594, 0.6873912658140594, 0.6873912658140594, 0.6873912658140594, 0.6874451536773979, 0.6874451536773979, 0.6874451536773979, 0.6874451536773979, 0.6874451536773979, 0.6874451536773979, 0.6874451536773979, 0.6874451536773979, 0.6874451536773979, 0.6874451536773979, 0.6874451536773979, 0.6874451536773979, 0.6874451536773979, 0.6874451536773979, 0.6874451536773979, 0.6874451536773979, 0.6874451536773979, 0.6874451536773979, 0.6874451536773979, 0.6874451536773979, 0.6874648020232602, 0.6874648020232602, 0.6874648020232602, 0.6874648020232602, 0.6874648020232602, 0.6874648020232602, 0.6874648020232602, 0.6874648020232602, 0.6874778603769646, 0.6874778603769646, 0.6874778603769646, 0.6874778603769646, 0.6874778603769646, 0.6874778603769646, 0.6874778603769646, 0.6874778603769646, 0.6874778603769646, 0.6874893362084972, 0.6874893362084972, 0.6874893362084972, 0.6874940284310213, 0.6874940284310213, 0.6874940284310213, 0.6874962218575379, 0.6874962218575379, 0.6874962218575379, 0.6874962218575379, 0.6874962218575379, 0.6874962218575379, 0.6874962218575379, 0.6874962218575379, 0.6874962218575379, 0.6874968966514817, 0.6874968966514817]"
