seed,best_fitness,final_fitness,runtime,diversity,top_mofs,fitness_history
11,0.6873899143844368,0.6873899143844368,3.472259998321533,0.0,"['ZOGBII', 'ZOGBII', 'ZOGBII', 'ZOGBII', 'ZOGBII']","[0.5831267652629317, 0.6210174998157826, 0.6732462269729979, 0.6732462269729979, 0.6732462269729979, 0.6732462269729979, 0.6732462269729979, 0.6732462269729979, 0.6732462269729979, 0.6732462269729979, 0.6732462269729979, 0.6732462269729979, 0.6732462269729979, 0.6732462269729979, 0.6732462269729979, 0.6764667906551197, 0.6764667906551197, 0.6764667906551197, 0.6764667906551197, 0.6764667906551197, 0.6764667906551197, 0.6778307489338803, 0.6780346851805542, 0.6780346851805542, 0.6850841572762089, 0.6850841572762089, 0.6850841572762089, 0.6871163719290282, 0.6871163719290282, 0.6871163719290282, 0.6871163719290282, 0.6871163719290282, 0.6871163719290282, 0.6871163719290282, 0.6871163719290282, 0.6871163719290282, 0.6871163719290282, 0.6871163719290282, 0.6871163719290282, 0.6871163719290282, 0.6871163719290282, 0.6871163719290282, 0.6871163719290282, 0.6871163719290282, 0.6871163719290282, 0.6871163719290282, 0.6871163719290282, 0.6871163719290282, 0.6871163719290282, 0.6871163719290282, 0.6871163719290282, 0.6871163719290282, 0.6871163719290282, 0.6871163719290282, 0.6871163719290282, 0.6871163719290282, 0.6871163719290282, 0.6871163719290282, 0.6871163719290282, 0.6871163719290282, 0.6871163719290282, 0.6871163719290282, 0.6871163719290282, 0.6871163719290282, 0.6871163719290282, 0.6871163719290282, 0.6871163719290282, 0.6871163719290282, 0.6871163719290282, 0.6871163719290282, 0.6871163719290282, 0.6871163719290282, 0.6871163719290282, 0.6871163719290282, 0.6871163719290282, 0.6871163719290282, 0.6871163719290282, 0.6871163719290282, 0.6871163719290282, 0.6871163719290282, 0.6871163719290282, 0.6871163719290282, 0.6871163719290282, 0.6871163719290282, 0.6871163719290282, 0.6871163719290282, 0.6871163719290282, 0.6873653007046767, 0.6873653007046767, 0.6873899143844368, 0.6873899143844368, 0.6873899143844368, 0.6873899143844368, 0.6873899143844368, 0.6873899143844368, 0.6873899143844368, 0.6873899143844368, 0.6873899143844368, 0.6873899143844368, 0.6873899143844368]"
