seed,best_fitness,final_fitness,runtime,diversity,top_mofs,fitness_history
7,0.6874936934207051,0.6874936934207051,3.463608980178833,0.0,"['ZOGBII', 'ZOGBII', 'ZOGBII', 'ZOGBII', 'ZOGBII']","[0.657585593535006, 0.657585593535006, 0.6726180459420473, 0.6726180459420473, 0.6726180459420473, 0.6726180459420473, 0.6726180459420473, 0.6726180459420473, 0.6726180459420473, 0.6726180459420473, 0.6726180459420473, 0.6755052314479839, 0.6755052314479839, 0.6755052314479839, 0.6773386882274397, 0.6773386882274397, 0.6773386882274397, 0.679061803063938, 0.679061803063938, 0.6868693563105023, 0.6868693563105023, 0.6868693563105023, 0.6868693563105023, 0.6868693563105023, 0.6868693563105023, 0.6868693563105023, 0.6868693563105023, 0.6868693563105023, 0.6868693563105023, 0.6868693563105023, 0.6868693563105023, 0.6868693563105023, 0.6868693563105023, 0.6868693563105023, 0.6868693563105023, 0.6868693563105023, 0.6868693563105023, 0.6869901478238644, 0.6869901478238644, 0.6869901478238644, 0.6869901478238644, 0.6869901478238644, 0.6869901478238644, 0.6871218859600388, 0.6871218859600388, 0.6871218859600388, 0.6871218859600388, 0.6871218859600388, 0.6871218859600388, 0.6871218859600388, 0.6871218859600388, 0.6871218859600388, 0.6871218859600388, 0.6871218859600388, 0.6871218859600388, 0.6871218859600388, 0.6871218859600388, 0.6871218859600388, 0.6871218859600388, 0.6871218859600388, 0.6871218859600388, 0.6871218859600388, 0.6871218859600388, 0.6871218859600388, 0.6871218859600388, 0.6871218859600388, 0.6871218859600388, 0.6871958365649068, 0.6871958365649068, 0.6871958365649068, 0.6871958365649068, 0.6871958365649068, 0.6871958365649068, 0.6871958365649068, 0.6872526449390858, 0.6872526449390858, 0.6872526449390858, 0.6872526449390858, 0.6872526449390858, 0.6872526449390858, 0.6872526449390858, 0.6872526449390858, 0.6872526449390858, 0.6872526449390858, 0.6872526449390858, 0.6872526449390858, 0.6872526449390858, 0.6873475619296772, 0.6873475619296772, 0.6874537082767626, 0.6874537082767626, 0.6874936934207051, 0.6874936934207051, 0.6874936934207051, 0.6874936934207051, 0.6874936934207051, 0.6874936934207051, 0.6874936934207051, 0.6874936934207051, 0.6874936934207051]"
