seed,best_fitness,final_fitness,runtime,diversity,top_mofs,fitness_history
27,0.687499994887149,0.687499994887149,3.4592502117156982,0.0,"['ZOGBII', 'ZOGBII', 'ZOGBII', 'ZOGBII', 'ZOGBII']","[0.6387690483322087, 0.6724378510250776, 0.6724378510250776, 0.6724378510250776, 0.6724378510250776, 0.6744922465296782, 0.6744922465296782, 0.6744922465296782, 0.6744922465296782, 0.6834900622167118, 0.6834900622167118, 0.6838611522470449, 0.6838611522470449, 0.6857959061536404, 0.6857959061536404, 0.6857959061536404, 0.6857959061536404, 0.6857959061536404, 0.6857959061536404, 0.6857959061536404, 0.6857959061536404, 0.6857959061536404, 0.6857959061536404, 0.6857959061536404, 0.6857959061536404, 0.6869845504062871, 0.6869845504062871, 0.6869845504062871, 0.6869845504062871, 0.6869845504062871, 0.6874286907752044, 0.6874286907752044, 0.6874286907752044, 0.6874286907752044, 0.6874286907752044, 0.6874286907752044, 0.6874286907752044, 0.6874286907752044, 0.6874286907752044, 0.6874286907752044, 0.6874286907752044, 0.6874286907752044, 0.6874286907752044, 0.6874286907752044, 0.6874286907752044, 0.6874286907752044, 0.6874286907752044, 0.6874286907752044, 0.6874286907752044, 0.6874642665628324, 0.6874642665628324, 0.6874642665628324, 0.6874642665628324, 0.6874642665628324, 0.6874642665628324, 0.6874642665628324, 0.6874642665628324, 0.6874642665628324, 0.6874937796319531, 0.6874937796319531, 0.6874937796319531, 0.6874937796319531, 0.6874937796319531, 0.6874937796319531, 0.6874937796319531, 0.6874963194686319, 0.6874963194686319, 0.6874985952514905, 0.6874985952514905, 0.6874985952514905, 0.6874985952514905, 0.6874985952514905, 0.6874985952514905, 0.6874985952514905, 0.6874985952514905, 0.6874985952514905, 0.6874985952514905, 0.6874985952514905, 0.6874985952514905, 0.6874985952514905, 0.6874996203649656, 0.6874996203649656, 0.6874996203649656, 0.6874996203649656, 0.6874996203649656, 0.6874996203649656, 0.6874996203649656, 0.6874996203649656, 0.6874996203649656, 0.6874996203649656, 0.687499680242108, 0.6874997937053949, 0.6874998731296957, 0.6874999287267064, 0.6874999676446137, 0.687499994887149, 0.687499994887149, 0.687499994887149, 0.687499994887149, 0.687499994887149]"
