seed,best_fitness,final_fitness,runtime,diversity,top_mofs,fitness_history
14,0.6874972390372508,0.6874972390372508,3.4758989810943604,0.0,"['ZOGBII', 'ZOGBII', 'ZOGBII', 'ZOGBII', 'ZOGBII']","[0.48246674571660664, 0.5400160078372651, 0.5941931566003786, 0.6616505998205855, 0.6708610431271586, 0.6708610431271586, 0.6708610431271586, 0.6708610431271586, 0.6708610431271586, 0.6708610431271586, 0.6708610431271586, 0.6708610431271586, 0.6708767468171585, 0.6708767468171585, 0.6725890329952052, 0.6725890329952052, 0.6753851927758999, 0.6753851927758999, 0.6753851927758999, 0.6753851927758999, 0.6753851927758999, 0.6755708659356406, 0.6755708659356406, 0.6755708659356406, 0.6755708659356406, 0.6757879203607223, 0.6757879203607223, 0.6757879203607223, 0.6757879203607223, 0.6757879203607223, 0.6757879203607223, 0.6757879203607223, 0.6757879203607223, 0.6757879203607223, 0.6757879203607223, 0.6757879203607223, 0.6757879203607223, 0.6786822964583115, 0.6786822964583115, 0.6786822964583115, 0.6786822964583115, 0.6786822964583115, 0.6786822964583115, 0.6786822964583115, 0.6786822964583115, 0.6786822964583115, 0.6786822964583115, 0.6786822964583115, 0.6786822964583115, 0.6791475614835288, 0.6824325109586588, 0.6824325109586588, 0.6824325109586588, 0.6824325109586588, 0.6828768929982182, 0.6828768929982182, 0.6837215035879258, 0.6851055844985056, 0.6851055844985056, 0.6851055844985056, 0.6867302233635362, 0.6867302233635362, 0.6869093221883165, 0.6869093221883165, 0.6869093221883165, 0.6869093221883165, 0.6869093221883165, 0.6874365909590426, 0.6874365909590426, 0.6874365909590426, 0.6874365909590426, 0.6874365909590426, 0.6874365909590426, 0.6874365909590426, 0.6874786409632919, 0.6874786409632919, 0.6874786409632919, 0.6874786409632919, 0.6874786409632919, 0.6874786409632919, 0.6874786409632919, 0.6874786409632919, 0.6874786409632919, 0.6874786409632919, 0.6874786409632919, 0.6874786409632919, 0.6874969617299447, 0.6874969617299447, 0.6874969617299447, 0.6874969617299447, 0.6874969617299447, 0.6874969617299447, 0.6874969617299447, 0.6874969617299447, 0.6874969617299447, 0.6874972390372508, 0.6874972390372508, 0.6874972390372508, 0.6874972390372508, 0.6874972390372508]"
