seed,best_fitness,final_fitness,runtime,diversity,top_mofs,fitness_history
20,0.6874596954949167,0.6874596954949167,3.4779582023620605,0.0,"['ZOGBII', 'ZOGBII', 'ZOGBII', 'ZOGBII', 'ZOGBII']","[0.6740645903800436, 0.6740645903800436, 0.6740645903800436, 0.6740645903800436, 0.6740645903800436, 0.6743273295118751, 0.6743273295118751, 0.6743273295118751, 0.6743273295118751, 0.6743273295118751, 0.6747481184876484, 0.6747481184876484, 0.6747481184876484, 0.6760773478943488, 0.6760773478943488, 0.6760773478943488, 0.6760773478943488, 0.6760773478943488, 0.6760773478943488, 0.6760834965402683, 0.6760834965402683, 0.6849752473403538, 0.6849752473403538, 0.6849752473403538, 0.6849752473403538, 0.6849752473403538, 0.6849752473403538, 0.6849752473403538, 0.6849752473403538, 0.6849752473403538, 0.6849752473403538, 0.6849752473403538, 0.6849752473403538, 0.6849752473403538, 0.6849752473403538, 0.6849752473403538, 0.6849752473403538, 0.6849752473403538, 0.6849752473403538, 0.6849752473403538, 0.6849752473403538, 0.6849752473403538, 0.6849752473403538, 0.6849752473403538, 0.6849752473403538, 0.6849752473403538, 0.6849752473403538, 0.6849752473403538, 0.6849752473403538, 0.6849752473403538, 0.6849752473403538, 0.6849752473403538, 0.6872817238454375, 0.6872817238454375, 0.6872817238454375, 0.6872817238454375, 0.6872817238454375, 0.6872817238454375, 0.6872817238454375, 0.6872817238454375, 0.6872817238454375, 0.6872817238454375, 0.6872817238454375, 0.6872817238454375, 0.6872817238454375, 0.6872817238454375, 0.6872817238454375, 0.6872817238454375, 0.6872817238454375, 0.6872817238454375, 0.6872817238454375, 0.6872817238454375, 0.6872817238454375, 0.6874492404040068, 0.6874492404040068, 0.6874492404040068, 0.6874492404040068, 0.6874492404040068, 0.6874492404040068, 0.6874492404040068, 0.6874492404040068, 0.6874492404040068, 0.6874492404040068, 0.6874492404040068, 0.6874492404040068, 0.6874492404040068, 0.6874492404040068, 0.6874492404040068, 0.6874492404040068, 0.6874596954949167, 0.6874596954949167, 0.6874596954949167, 0.6874596954949167, 0.6874596954949167, 0.6874596954949167, 0.6874596954949167, 0.6874596954949167, 0.6874596954949167, 0.6874596954949167, 0.6874596954949167]"
