seed,best_fitness,final_fitness,runtime,diversity,top_mofs,fitness_history
0,0.65609103304137,0.65609103304137,3.42258882522583,0.0,"['ZOGBII', 'ZOGBII', 'ZOGBII', 'ZOGBII', 'ZOGBII']","[0.35704225352112673, 0.6353134105897442, 0.6353134105897442, 0.6505445052653367, 0.6505445052653367, 0.6505445052653367, 0.6509765033335486, 0.6509765033335486, 0.6530508750267446, 0.6530508750267446, 0.6530508750267446, 0.6530508750267446, 0.6530508750267446, 0.6530508750267446, 0.6530508750267446, 0.6530508750267446, 0.6540919578009595, 0.6540919578009595, 0.6540919578009595, 0.6540919578009595, 0.6540919578009595, 0.6540919578009595, 0.6540919578009595, 0.6540919578009595, 0.6540919578009595, 0.6540919578009595, 0.6540919578009595, 0.6540919578009595, 0.6540919578009595, 0.655138881837046, 0.655138881837046, 0.6560652337830424, 0.6560652337830424, 0.6560652337830424, 0.6560652337830424, 0.6560652337830424, 0.6560652337830424, 0.6560652337830424, 0.6560652337830424, 0.6560652337830424, 0.6560652337830424, 0.6560652337830424, 0.6560652337830424, 0.6560652337830424, 0.6560652337830424, 0.6560652337830424, 0.6560652337830424, 0.6560652337830424, 0.6560652337830424, 0.6560652337830424, 0.6560652337830424, 0.6560652337830424, 0.6560652337830424, 0.6560652337830424, 0.6560652337830424, 0.6560652337830424, 0.6560652337830424, 0.6560652337830424, 0.6560652337830424, 0.6560652337830424, 0.6560652337830424, 0.6560652337830424, 0.6560652337830424, 0.6560652337830424, 0.6560652337830424, 0.6560652337830424, 0.6560652337830424, 0.6560652337830424, 0.6560652337830424, 0.6560652337830424, 0.65609103304137, 0.65609103304137, 0.65609103304137, 0.65609103304137, 0.65609103304137, 0.65609103304137, 0.65609103304137, 0.65609103304137, 0.65609103304137, 0.65609103304137, 0.65609103304137, 0.65609103304137, 0.65609103304137, 0.65609103304137, 0.65609103304137, 0.65609103304137, 0.65609103304137, 0.65609103304137, 0.65609103304137, 0.65609103304137, 0.65609103304137, 0.65609103304137, 0.65609103304137, 0.65609103304137, 0.65609103304137, 0.65609103304137, 0.65609103304137, 0.65609103304137, 0.65609103304137, 0.65609103304137]"
