seed,best_fitness,final_fitness,runtime,diversity,top_mofs,fitness_history
4,0.6585684273028645,0.6585684273028645,3.4250550270080566,0.0,"['ZOGBII', 'ZOGBII', 'ZOGBII', 'ZOGBII', 'ZOGBII']","[0.36333333333333334, 0.574004911315457, 0.6460893558634592, 0.6460893558634592, 0.6460893558634592, 0.6460893558634592, 0.6460893558634592, 0.6460893558634592, 0.6537004441479878, 0.6551251545862066, 0.6557058930014482, 0.6557058930014482, 0.6557058930014482, 0.6557058930014482, 0.6557058930014482, 0.6557058930014482, 0.6557058930014482, 0.6557058930014482, 0.6557058930014482, 0.6557058930014482, 0.6557058930014482, 0.6557058930014482, 0.6557058930014482, 0.6557058930014482, 0.6557058930014482, 0.6557058930014482, 0.6557058930014482, 0.6557058930014482, 0.6557058930014482, 0.6557058930014482, 0.6557058930014482, 0.6557058930014482, 0.6557058930014482, 0.6557058930014482, 0.6557058930014482, 0.6557058930014482, 0.6557058930014482, 0.6557058930014482, 0.6557058930014482, 0.6557058930014482, 0.6557058930014482, 0.6557058930014482, 0.6557058930014482, 0.6557058930014482, 0.6561279024651172, 0.6561279024651172, 0.6561279024651172, 0.6561279024651172, 0.6561279024651172, 0.6561279024651172, 0.6561279024651172, 0.6561279024651172, 0.6561279024651172, 0.6561279024651172, 0.6561279024651172, 0.6561279024651172, 0.6561279024651172, 0.6585684273028645, 0.6585684273028645, 0.6585684273028645, 0.6585684273028645, 0.6585684273028645, 0.6585684273028645, 0.6585684273028645, 0.6585684273028645, 0.6585684273028645, 0.6585684273028645, 0.6585684273028645, 0.6585684273028645, 0.6585684273028645, 0.6585684273028645, 0.6585684273028645, 0.6585684273028645, 0.6585684273028645, 0.6585684273028645, 0.6585684273028645, 0.6585684273028645, 0.6585684273028645, 0.6585684273028645, 0.6585684273028645, 0.6585684273028645, 0.6585684273028645, 0.6585684273028645, 0.6585684273028645, 0.6585684273028645, 0.6585684273028645, 0.6585684273028645, 0.6585684273028645, 0.6585684273028645, 0.6585684273028645, 0.6585684273028645, 0.6585684273028645, 0.6585684273028645, 0.6585684273028645, 0.6585684273028645, 0.6585684273028645, 0.6585684273028645, 0.6585684273028645, 0.6585684273028645, 0.6585684273028645]"
