seed,best_fitness,final_fitness,runtime,diversity,top_mofs,fitness_history
19,0.6568437474873369,0.6568437474873369,3.428975820541382,0.0,"['ZOGBII', 'ZOGBII', 'ZOGBII', 'ZOGBII', 'ZOGBII']","[0.4811117758047859, 0.6177722790919894, 0.6432218696836447, 0.6432218696836447, 0.6432218696836447, 0.6438577258316578, 0.6535007187220493, 0.6535007187220493, 0.6535007187220493, 0.6535007187220493, 0.6535007187220493, 0.6535007187220493, 0.6535007187220493, 0.6535007187220493, 0.6544506478683912, 0.6544506478683912, 0.6544506478683912, 0.6544506478683912, 0.6544506478683912, 0.6544506478683912, 0.6544506478683912, 0.6544506478683912, 0.6544506478683912, 0.6551504256436328, 0.6551504256436328, 0.6551504256436328, 0.6551504256436328, 0.6551504256436328, 0.6551504256436328, 0.6551504256436328, 0.6562219950961042, 0.6562219950961042, 0.6562219950961042, 0.6562219950961042, 0.6562219950961042, 0.6562219950961042, 0.6562219950961042, 0.6568437474873369, 0.6568437474873369, 0.6568437474873369, 0.6568437474873369, 0.6568437474873369, 0.6568437474873369, 0.6568437474873369, 0.6568437474873369, 0.6568437474873369, 0.6568437474873369, 0.6568437474873369, 0.6568437474873369, 0.6568437474873369, 0.6568437474873369, 0.6568437474873369, 0.6568437474873369, 0.6568437474873369, 0.6568437474873369, 0.6568437474873369, 0.6568437474873369, 0.6568437474873369, 0.6568437474873369, 0.6568437474873369, 0.6568437474873369, 0.6568437474873369, 0.6568437474873369, 0.6568437474873369, 0.6568437474873369, 0.6568437474873369, 0.6568437474873369, 0.6568437474873369, 0.6568437474873369, 0.6568437474873369, 0.6568437474873369, 0.6568437474873369, 0.6568437474873369, 0.6568437474873369, 0.6568437474873369, 0.6568437474873369, 0.6568437474873369, 0.6568437474873369, 0.6568437474873369, 0.6568437474873369, 0.6568437474873369, 0.6568437474873369, 0.6568437474873369, 0.6568437474873369, 0.6568437474873369, 0.6568437474873369, 0.6568437474873369, 0.6568437474873369, 0.6568437474873369, 0.6568437474873369, 0.6568437474873369, 0.6568437474873369, 0.6568437474873369, 0.6568437474873369, 0.6568437474873369, 0.6568437474873369, 0.6568437474873369, 0.6568437474873369, 0.6568437474873369, 0.6568437474873369]"
