seed,best_fitness,final_fitness,runtime,diversity,top_mofs,fitness_history
6,0.6567551430865569,0.6567551430865569,3.4333410263061523,0.0,"['ZOGBII', 'ZOGBII', 'ZOGBII', 'ZOGBII', 'ZOGBII']","[0.35704225352112673, 0.6395856280185634, 0.6530475537752564, 0.6551099100068964, 0.6551099100068964, 0.6551099100068964, 0.6551099100068964, 0.6551099100068964, 0.6551099100068964, 0.6551099100068964, 0.6551099100068964, 0.6551099100068964, 0.6551099100068964, 0.6551099100068964, 0.6551099100068964, 0.6551099100068964, 0.6551099100068964, 0.6551099100068964, 0.6551099100068964, 0.6551099100068964, 0.6551099100068964, 0.6551099100068964, 0.6551099100068964, 0.6551099100068964, 0.6551099100068964, 0.6551099100068964, 0.6551099100068964, 0.6551099100068964, 0.6551099100068964, 0.6551099100068964, 0.6551099100068964, 0.6551099100068964, 0.6551099100068964, 0.6551099100068964, 0.6551099100068964, 0.6551099100068964, 0.6551099100068964, 0.6551099100068964, 0.6551099100068964, 0.6551099100068964, 0.6551099100068964, 0.6551782533143898, 0.6551782533143898, 0.6551782533143898, 0.6551782533143898, 0.6551782533143898, 0.6551782533143898, 0.6551782533143898, 0.6551782533143898, 0.6551782533143898, 0.6551782533143898, 0.6551782533143898, 0.6551782533143898, 0.6556161686103489, 0.6556161686103489, 0.6565241686326392, 0.6565241686326392, 0.6565241686326392, 0.6565241686326392, 0.6565241686326392, 0.6565241686326392, 0.6565241686326392, 0.6565241686326392, 0.6567551430865569, 0.6567551430865569, 0.6567551430865569, 0.6567551430865569, 0.6567551430865569, 0.6567551430865569, 0.6567551430865569, 0.6567551430865569, 0.6567551430865569, 0.6567551430865569, 0.6567551430865569, 0.6567551430865569, 0.6567551430865569, 0.6567551430865569, 0.6567551430865569, 0.6567551430865569, 0.6567551430865569, 0.6567551430865569, 0.6567551430865569, 0.6567551430865569, 0.6567551430865569, 0.6567551430865569, 0.6567551430865569, 0.6567551430865569, 0.6567551430865569, 0.6567551430865569, 0.6567551430865569, 0.6567551430865569, 0.6567551430865569, 0.6567551430865569, 0.6567551430865569, 0.6567551430865569, 0.6567551430865569, 0.6567551430865569, 0.6567551430865569, 0.6567551430865569, 0.6567551430865569]"
