seed,best_fitness,final_fitness,runtime,diversity,top_mofs,fitness_history
11,0.6589385418158112,0.6589385418158112,3.425661087036133,0.0,"['ZOGBII', 'ZOGBII', 'ZOGBII', 'ZOGBII', 'ZOGBII']","[0.5827305730107941, 0.5827305730107941, 0.649078016025733, 0.6564437432033602, 0.6564437432033602, 0.6564437432033602, 0.6564437432033602, 0.6564437432033602, 0.6564437432033602, 0.6564437432033602, 0.6564437432033602, 0.6564437432033602, 0.6564437432033602, 0.6564437432033602, 0.6564437432033602, 0.6564437432033602, 0.6564437432033602, 0.6564437432033602, 0.6564437432033602, 0.6564437432033602, 0.6564437432033602, 0.6564437432033602, 0.6564437432033602, 0.6564437432033602, 0.6564437432033602, 0.6564437432033602, 0.6564437432033602, 0.6564437432033602, 0.6566059825827332, 0.6566059825827332, 0.6566059825827332, 0.6566059825827332, 0.6566059825827332, 0.6566059825827332, 0.6566059825827332, 0.6566059825827332, 0.6566059825827332, 0.6566059825827332, 0.6566059825827332, 0.6566059825827332, 0.6566059825827332, 0.6566059825827332, 0.6566059825827332, 0.6566059825827332, 0.6566059825827332, 0.6566059825827332, 0.6566059825827332, 0.6566059825827332, 0.6566059825827332, 0.6566059825827332, 0.6566059825827332, 0.6566059825827332, 0.6566059825827332, 0.6566059825827332, 0.6566059825827332, 0.6566059825827332, 0.6566059825827332, 0.6566059825827332, 0.6566059825827332, 0.6566059825827332, 0.6566059825827332, 0.6566059825827332, 0.6566059825827332, 0.6566059825827332, 0.6566059825827332, 0.6566059825827332, 0.6566059825827332, 0.6566059825827332, 0.6566059825827332, 0.6566059825827332, 0.6566059825827332, 0.6566059825827332, 0.6566059825827332, 0.6566059825827332, 0.6566059825827332, 0.6566059825827332, 0.6566059825827332, 0.6566059825827332, 0.6589385418158112, 0.6589385418158112, 0.6589385418158112, 0.6589385418158112, 0.6589385418158112, 0.6589385418158112, 0.6589385418158112, 0.6589385418158112, 0.6589385418158112, 0.6589385418158112, 0.6589385418158112, 0.6589385418158112, 0.6589385418158112, 0.6589385418158112, 0.6589385418158112, 0.6589385418158112, 0.6589385418158112, 0.6589385418158112, 0.6589385418158112, 0.6589385418158112, 0.6589385418158112, 0.6589385418158112]"
