seed,best_fitness,final_fitness,runtime,diversity,top_mofs,fitness_history
8,0.6568333076149303,0.6568333076149303,3.429492950439453,0.0,"['ZOGBII', 'ZOGBII', 'ZOGBII', 'ZOGBII', 'ZOGBII']","[0.36333333333333334, 0.6525201840921567, 0.6525201840921567, 0.6525201840921567, 0.6525201840921567, 0.6548870077594032, 0.6548870077594032, 0.6548870077594032, 0.6561106819143389, 0.6561106819143389, 0.6561106819143389, 0.6561106819143389, 0.6561106819143389, 0.6561106819143389, 0.6561106819143389, 0.6561106819143389, 0.6561106819143389, 0.6561106819143389, 0.6561106819143389, 0.6561106819143389, 0.6561106819143389, 0.6561106819143389, 0.6561106819143389, 0.6561106819143389, 0.6561106819143389, 0.6561106819143389, 0.6561106819143389, 0.6561106819143389, 0.6561106819143389, 0.6561106819143389, 0.6561106819143389, 0.6561106819143389, 0.6561106819143389, 0.6568333076149303, 0.6568333076149303, 0.6568333076149303, 0.6568333076149303, 0.6568333076149303, 0.6568333076149303, 0.6568333076149303, 0.6568333076149303, 0.6568333076149303, 0.6568333076149303, 0.6568333076149303, 0.6568333076149303, 0.6568333076149303, 0.6568333076149303, 0.6568333076149303, 0.6568333076149303, 0.6568333076149303, 0.6568333076149303, 0.6568333076149303, 0.6568333076149303, 0.6568333076149303, 0.6568333076149303, 0.6568333076149303, 0.6568333076149303, 0.6568333076149303, 0.6568333076149303, 0.6568333076149303, 0.6568333076149303, 0.6568333076149303, 0.6568333076149303, 0.6568333076149303, 0.6568333076149303, 0.6568333076149303, 0.6568333076149303, 0.6568333076149303, 0.6568333076149303, 0.6568333076149303, 0.6568333076149303, 0.6568333076149303, 0.6568333076149303, 0.6568333076149303, 0.6568333076149303, 0.6568333076149303, 0.6568333076149303, 0.6568333076149303, 0.6568333076149303, 0.6568333076149303, 0.6568333076149303, 0.6568333076149303, 0.6568333076149303, 0.6568333076149303, 0.6568333076149303, 0.6568333076149303, 0.6568333076149303, 0.6568333076149303, 0.6568333076149303, 0.6568333076149303, 0.6568333076149303, 0.6568333076149303, 0.6568333076149303, 0.6568333076149303, 0.6568333076149303, 0.6568333076149303, 0.6568333076149303, 0.6568333076149303, 0.6568333076149303, 0.6568333076149303]"
