seed,best_fitness,final_fitness,runtime,diversity,top_mofs,fitness_history
15,0.6570221931422674,0.6570221931422674,3.425306797027588,0.0,"['ZOGBII', 'ZOGBII', 'ZOGBII', 'ZOGBII', 'ZOGBII']","[0.35704225352112673, 0.6078481808992885, 0.6380989177400732, 0.6380989177400732, 0.6380989177400732, 0.652710596878404, 0.652710596878404, 0.652710596878404, 0.6544708069487577, 0.6544708069487577, 0.6544708069487577, 0.6544708069487577, 0.6559405631056804, 0.6559405631056804, 0.6559405631056804, 0.6559405631056804, 0.6559405631056804, 0.6559405631056804, 0.6559405631056804, 0.6559405631056804, 0.6559405631056804, 0.6559405631056804, 0.6559405631056804, 0.6559405631056804, 0.6559405631056804, 0.6559405631056804, 0.6559405631056804, 0.6559405631056804, 0.6565619725399058, 0.6565619725399058, 0.6565619725399058, 0.6565619725399058, 0.6565619725399058, 0.6565619725399058, 0.6565619725399058, 0.6565619725399058, 0.6565619725399058, 0.6565619725399058, 0.6565619725399058, 0.6566625745684967, 0.6566625745684967, 0.6566625745684967, 0.6566625745684967, 0.6566625745684967, 0.6566625745684967, 0.6566625745684967, 0.6566625745684967, 0.6566625745684967, 0.6566625745684967, 0.6566625745684967, 0.6566625745684967, 0.6566625745684967, 0.6566625745684967, 0.6566625745684967, 0.6566625745684967, 0.6566625745684967, 0.6566625745684967, 0.6566625745684967, 0.6566625745684967, 0.6566625745684967, 0.6566625745684967, 0.6566625745684967, 0.6569077797352069, 0.6569077797352069, 0.6569077797352069, 0.6569077797352069, 0.6569077797352069, 0.6569077797352069, 0.6569077797352069, 0.6570221931422674, 0.6570221931422674, 0.6570221931422674, 0.6570221931422674, 0.6570221931422674, 0.6570221931422674, 0.6570221931422674, 0.6570221931422674, 0.6570221931422674, 0.6570221931422674, 0.6570221931422674, 0.6570221931422674, 0.6570221931422674, 0.6570221931422674, 0.6570221931422674, 0.6570221931422674, 0.6570221931422674, 0.6570221931422674, 0.6570221931422674, 0.6570221931422674, 0.6570221931422674, 0.6570221931422674, 0.6570221931422674, 0.6570221931422674, 0.6570221931422674, 0.6570221931422674, 0.6570221931422674, 0.6570221931422674, 0.6570221931422674, 0.6570221931422674, 0.6570221931422674]"
