seed,best_fitness,final_fitness,runtime,diversity,top_mofs,fitness_history
20,0.6620977183375141,0.6620977183375141,3.4209108352661133,0.0,"['ZOGBII', 'ZOGBII', 'ZOGBII', 'ZOGBII', 'ZOGBII']","[0.36333333333333334, 0.6551328179271444, 0.6551328179271444, 0.6551328179271444, 0.6551328179271444, 0.6551328179271444, 0.6551328179271444, 0.6551328179271444, 0.6551328179271444, 0.6551328179271444, 0.6551328179271444, 0.6551328179271444, 0.6551328179271444, 0.6557583298941229, 0.6557583298941229, 0.6557583298941229, 0.6557583298941229, 0.6557583298941229, 0.6557583298941229, 0.6557583298941229, 0.6557583298941229, 0.6557583298941229, 0.6557583298941229, 0.6566028737885795, 0.6566028737885795, 0.6566028737885795, 0.6566028737885795, 0.6566028737885795, 0.6566028737885795, 0.6566028737885795, 0.6566028737885795, 0.6566028737885795, 0.6566028737885795, 0.6566028737885795, 0.6566028737885795, 0.6566028737885795, 0.6620977183375141, 0.6620977183375141, 0.6620977183375141, 0.6620977183375141, 0.6620977183375141, 0.6620977183375141, 0.6620977183375141, 0.6620977183375141, 0.6620977183375141, 0.6620977183375141, 0.6620977183375141, 0.6620977183375141, 0.6620977183375141, 0.6620977183375141, 0.6620977183375141, 0.6620977183375141, 0.6620977183375141, 0.6620977183375141, 0.6620977183375141, 0.6620977183375141, 0.6620977183375141, 0.6620977183375141, 0.6620977183375141, 0.6620977183375141, 0.6620977183375141, 0.6620977183375141, 0.6620977183375141, 0.6620977183375141, 0.6620977183375141, 0.6620977183375141, 0.6620977183375141, 0.6620977183375141, 0.6620977183375141, 0.6620977183375141, 0.6620977183375141, 0.6620977183375141, 0.6620977183375141, 0.6620977183375141, 0.6620977183375141, 0.6620977183375141, 0.6620977183375141, 0.6620977183375141, 0.6620977183375141, 0.6620977183375141, 0.6620977183375141, 0.6620977183375141, 0.6620977183375141, 0.6620977183375141, 0.6620977183375141, 0.6620977183375141, 0.6620977183375141, 0.6620977183375141, 0.6620977183375141, 0.6620977183375141, 0.6620977183375141, 0.6620977183375141, 0.6620977183375141, 0.6620977183375141, 0.6620977183375141, 0.6620977183375141, 0.6620977183375141, 0.6620977183375141, 0.6620977183375141, 0.6620977183375141]"
