seed,best_fitness,final_fitness,runtime,diversity,top_mofs,fitness_history
29,0.6630596458893704,0.6630596458893704,3.425135850906372,0.0,"['ZOGBII', 'ZOGBII', 'ZOGBII', 'ZOGBII', 'ZOGBII']","[0.35704225352112673, 0.6518798107518565, 0.6523891522084008, 0.6523891522084008, 0.6523891522084008, 0.6523891522084008, 0.6523891522084008, 0.6523891522084008, 0.6523891522084008, 0.6547608268447201, 0.6547608268447201, 0.6551062793142557, 0.6551062793142557, 0.6551062793142557, 0.6551062793142557, 0.6551062793142557, 0.6551062793142557, 0.6551062793142557, 0.6551062793142557, 0.6551062793142557, 0.6554433538254284, 0.6554433538254284, 0.6554433538254284, 0.6554433538254284, 0.6554433538254284, 0.6554433538254284, 0.6554433538254284, 0.6554433538254284, 0.6554433538254284, 0.6554433538254284, 0.6554433538254284, 0.6554433538254284, 0.6554433538254284, 0.6554433538254284, 0.6554433538254284, 0.6554433538254284, 0.6554433538254284, 0.6554433538254284, 0.6554433538254284, 0.6554433538254284, 0.6554433538254284, 0.6554433538254284, 0.6554433538254284, 0.6554433538254284, 0.6554433538254284, 0.6554433538254284, 0.6554433538254284, 0.6554433538254284, 0.6554433538254284, 0.6630596458893704, 0.6630596458893704, 0.6630596458893704, 0.6630596458893704, 0.6630596458893704, 0.6630596458893704, 0.6630596458893704, 0.6630596458893704, 0.6630596458893704, 0.6630596458893704, 0.6630596458893704, 0.6630596458893704, 0.6630596458893704, 0.6630596458893704, 0.6630596458893704, 0.6630596458893704, 0.6630596458893704, 0.6630596458893704, 0.6630596458893704, 0.6630596458893704, 0.6630596458893704, 0.6630596458893704, 0.6630596458893704, 0.6630596458893704, 0.6630596458893704, 0.6630596458893704, 0.6630596458893704, 0.6630596458893704, 0.6630596458893704, 0.6630596458893704, 0.6630596458893704, 0.6630596458893704, 0.6630596458893704, 0.6630596458893704, 0.6630596458893704, 0.6630596458893704, 0.6630596458893704, 0.6630596458893704, 0.6630596458893704, 0.6630596458893704, 0.6630596458893704, 0.6630596458893704, 0.6630596458893704, 0.6630596458893704, 0.6630596458893704, 0.6630596458893704, 0.6630596458893704, 0.6630596458893704, 0.6630596458893704, 0.6630596458893704, 0.6630596458893704]"
