seed,best_fitness,final_fitness,runtime,diversity,top_mofs,fitness_history
21,0.6626791374326831,0.6626791374326831,3.4292027950286865,0.0,"['ZOGBII', 'ZOGBII', 'ZOGBII', 'ZOGBII', 'ZOGBII']","[0.4211635272553109, 0.6428930240758453, 0.6556378749940729, 0.6556378749940729, 0.6556378749940729, 0.6556378749940729, 0.6556378749940729, 0.6556378749940729, 0.6556378749940729, 0.6556378749940729, 0.6556409502402416, 0.6556409502402416, 0.6556409502402416, 0.6556409502402416, 0.6556409502402416, 0.6556409502402416, 0.6556409502402416, 0.6556409502402416, 0.6556409502402416, 0.6556409502402416, 0.6556409502402416, 0.6556409502402416, 0.6559314955603837, 0.6559314955603837, 0.6559314955603837, 0.6559314955603837, 0.6559314955603837, 0.6559314955603837, 0.6559314955603837, 0.6559314955603837, 0.6559314955603837, 0.6559314955603837, 0.6559314955603837, 0.6559314955603837, 0.6559314955603837, 0.6559314955603837, 0.6559314955603837, 0.6559314955603837, 0.6559314955603837, 0.6559314955603837, 0.6559314955603837, 0.6559314955603837, 0.6559314955603837, 0.6562115304668547, 0.6562115304668547, 0.6562115304668547, 0.6562115304668547, 0.6562115304668547, 0.6562115304668547, 0.6562115304668547, 0.6562115304668547, 0.6562115304668547, 0.6562115304668547, 0.6562115304668547, 0.6562115304668547, 0.6562115304668547, 0.6562115304668547, 0.6562115304668547, 0.6562115304668547, 0.6562115304668547, 0.6562115304668547, 0.6562115304668547, 0.6562115304668547, 0.6568442475320587, 0.6568442475320587, 0.6568442475320587, 0.6568442475320587, 0.6568442475320587, 0.6568442475320587, 0.6568442475320587, 0.6568442475320587, 0.6568442475320587, 0.6568442475320587, 0.6568442475320587, 0.6568442475320587, 0.6568442475320587, 0.6568442475320587, 0.6568442475320587, 0.6568442475320587, 0.6568442475320587, 0.6568442475320587, 0.6568442475320587, 0.6568442475320587, 0.6568442475320587, 0.6626791374326831, 0.6626791374326831, 0.6626791374326831, 0.6626791374326831, 0.6626791374326831, 0.6626791374326831, 0.6626791374326831, 0.6626791374326831, 0.6626791374326831, 0.6626791374326831, 0.6626791374326831, 0.6626791374326831, 0.6626791374326831, 0.6626791374326831, 0.6626791374326831, 0.6626791374326831]"
