seed,best_fitness,final_fitness,runtime,diversity,top_mofs,fitness_history
1,0.6570419420955886,0.6570419420955886,3.423658847808838,0.0,"['ZOGBII', 'ZOGBII', 'ZOGBII', 'ZOGBII', 'ZOGBII']","[0.44056805805773713, 0.6212331988903763, 0.6481244370640088, 0.6484937120035972, 0.6484937120035972, 0.6512132814333064, 0.6512132814333064, 0.6554128793923634, 0.6554128793923634, 0.6554128793923634, 0.6554128793923634, 0.6554128793923634, 0.656306411648931, 0.656306411648931, 0.656306411648931, 0.656306411648931, 0.656306411648931, 0.656306411648931, 0.656306411648931, 0.656306411648931, 0.656306411648931, 0.656306411648931, 0.656306411648931, 0.656306411648931, 0.656306411648931, 0.656306411648931, 0.656306411648931, 0.656306411648931, 0.6567024922897918, 0.6567024922897918, 0.6567024922897918, 0.6567024922897918, 0.6567024922897918, 0.6567024922897918, 0.6568586330201405, 0.6568586330201405, 0.6568586330201405, 0.6568586330201405, 0.6568586330201405, 0.6568586330201405, 0.6568586330201405, 0.6568586330201405, 0.6568586330201405, 0.6568586330201405, 0.6568586330201405, 0.6568586330201405, 0.6568586330201405, 0.6568586330201405, 0.6568586330201405, 0.6568586330201405, 0.6570419420955886, 0.6570419420955886, 0.6570419420955886, 0.6570419420955886, 0.6570419420955886, 0.6570419420955886, 0.6570419420955886, 0.6570419420955886, 0.6570419420955886, 0.6570419420955886, 0.6570419420955886, 0.6570419420955886, 0.6570419420955886, 0.6570419420955886, 0.6570419420955886, 0.6570419420955886, 0.6570419420955886, 0.6570419420955886, 0.6570419420955886, 0.6570419420955886, 0.6570419420955886, 0.6570419420955886, 0.6570419420955886, 0.6570419420955886, 0.6570419420955886, 0.6570419420955886, 0.6570419420955886, 0.6570419420955886, 0.6570419420955886, 0.6570419420955886, 0.6570419420955886, 0.6570419420955886, 0.6570419420955886, 0.6570419420955886, 0.6570419420955886, 0.6570419420955886, 0.6570419420955886, 0.6570419420955886, 0.6570419420955886, 0.6570419420955886, 0.6570419420955886, 0.6570419420955886, 0.6570419420955886, 0.6570419420955886, 0.6570419420955886, 0.6570419420955886, 0.6570419420955886, 0.6570419420955886, 0.6570419420955886, 0.6570419420955886]"
