seed,best_fitness,final_fitness,runtime,diversity,top_mofs,fitness_history
26,0.6564932632024064,0.6564932632024064,3.424798011779785,0.0,"['ZOGBII', 'ZOGBII', 'ZOGBII', 'ZOGBII', 'ZOGBII']","[0.5745518540984745, 0.6303062672141576, 0.6303062672141576, 0.6303062672141576, 0.6506127402198724, 0.6506127402198724, 0.6537087432029584, 0.6537087432029584, 0.6537087432029584, 0.6561427267365962, 0.6561427267365962, 0.6561427267365962, 0.6561427267365962, 0.6561427267365962, 0.6561427267365962, 0.6561427267365962, 0.6561427267365962, 0.6561427267365962, 0.6561427267365962, 0.6561427267365962, 0.6561427267365962, 0.6561427267365962, 0.6561427267365962, 0.6561427267365962, 0.6561427267365962, 0.6561427267365962, 0.6561427267365962, 0.6561427267365962, 0.6561427267365962, 0.6561427267365962, 0.6561427267365962, 0.6561427267365962, 0.6561427267365962, 0.6561427267365962, 0.6561427267365962, 0.6561427267365962, 0.6561427267365962, 0.6561427267365962, 0.6561427267365962, 0.6561427267365962, 0.6561427267365962, 0.6561427267365962, 0.6561427267365962, 0.6561427267365962, 0.6561427267365962, 0.6561427267365962, 0.6561427267365962, 0.6561427267365962, 0.6561427267365962, 0.6561427267365962, 0.6561427267365962, 0.6561427267365962, 0.6561427267365962, 0.6561427267365962, 0.6561427267365962, 0.6561427267365962, 0.6564098231415392, 0.6564098231415392, 0.6564098231415392, 0.6564098231415392, 0.6564098231415392, 0.6564098231415392, 0.6564098231415392, 0.6564098231415392, 0.6564098231415392, 0.6564098231415392, 0.6564098231415392, 0.6564098231415392, 0.6564098231415392, 0.6564098231415392, 0.6564098231415392, 0.6564098231415392, 0.6564098231415392, 0.6564932632024064, 0.6564932632024064, 0.6564932632024064, 0.6564932632024064, 0.6564932632024064, 0.6564932632024064, 0.6564932632024064, 0.6564932632024064, 0.6564932632024064, 0.6564932632024064, 0.6564932632024064, 0.6564932632024064, 0.6564932632024064, 0.6564932632024064, 0.6564932632024064, 0.6564932632024064, 0.6564932632024064, 0.6564932632024064, 0.6564932632024064, 0.6564932632024064, 0.6564932632024064, 0.6564932632024064, 0.6564932632024064, 0.6564932632024064, 0.6564932632024064, 0.6564932632024064, 0.6564932632024064]"
