seed,best_fitness,final_fitness,runtime,diversity,top_mofs,fitness_history
25,0.6608421358336617,0.6608421358336617,3.417991876602173,0.0,"['ZOGBII', 'ZOGBII', 'ZOGBII', 'ZOGBII', 'ZOGBII']","[0.35704225352112673, 0.6526124350070063, 0.6526124350070063, 0.6526124350070063, 0.6526124350070063, 0.6526124350070063, 0.6537502621887384, 0.6537502621887384, 0.6557408163391883, 0.6557408163391883, 0.6557408163391883, 0.6557408163391883, 0.6557408163391883, 0.6557408163391883, 0.6557408163391883, 0.6557408163391883, 0.6557408163391883, 0.6557408163391883, 0.6557408163391883, 0.6557408163391883, 0.6557408163391883, 0.6557408163391883, 0.6557408163391883, 0.6557408163391883, 0.6557408163391883, 0.6557408163391883, 0.6557408163391883, 0.6557408163391883, 0.6557408163391883, 0.6557408163391883, 0.6557408163391883, 0.6557408163391883, 0.6557408163391883, 0.6557408163391883, 0.6557408163391883, 0.6557408163391883, 0.6557408163391883, 0.6557408163391883, 0.6557408163391883, 0.6557408163391883, 0.6568040597945423, 0.6568040597945423, 0.6568040597945423, 0.6568040597945423, 0.6568040597945423, 0.6568040597945423, 0.6568040597945423, 0.6568040597945423, 0.6568040597945423, 0.6568040597945423, 0.6568040597945423, 0.6568040597945423, 0.6568040597945423, 0.6568040597945423, 0.6568040597945423, 0.6568040597945423, 0.6568040597945423, 0.6568040597945423, 0.6608421358336617, 0.6608421358336617, 0.6608421358336617, 0.6608421358336617, 0.6608421358336617, 0.6608421358336617, 0.6608421358336617, 0.6608421358336617, 0.6608421358336617, 0.6608421358336617, 0.6608421358336617, 0.6608421358336617, 0.6608421358336617, 0.6608421358336617, 0.6608421358336617, 0.6608421358336617, 0.6608421358336617, 0.6608421358336617, 0.6608421358336617, 0.6608421358336617, 0.6608421358336617, 0.6608421358336617, 0.6608421358336617, 0.6608421358336617, 0.6608421358336617, 0.6608421358336617, 0.6608421358336617, 0.6608421358336617, 0.6608421358336617, 0.6608421358336617, 0.6608421358336617, 0.6608421358336617, 0.6608421358336617, 0.6608421358336617, 0.6608421358336617, 0.6608421358336617, 0.6608421358336617, 0.6608421358336617, 0.6608421358336617, 0.6608421358336617, 0.6608421358336617, 0.6608421358336617]"
