seed,best_fitness,final_fitness,runtime,diversity,top_mofs,fitness_history
5,0.6570218806380725,0.6570218806380725,3.4822282791137695,0.0,"['ZOGBII', 'ZOGBII', 'ZOGBII', 'ZOGBII', 'ZOGBII']","[0.6339765313941511, 0.6556514046386016, 0.6556514046386016, 0.6556514046386016, 0.6556514046386016, 0.6556514046386016, 0.6556514046386016, 0.6556514046386016, 0.6556514046386016, 0.6556514046386016, 0.6556514046386016, 0.6556514046386016, 0.6556514046386016, 0.6556514046386016, 0.6556514046386016, 0.6556514046386016, 0.6556514046386016, 0.6556514046386016, 0.6556514046386016, 0.6556514046386016, 0.6556514046386016, 0.6556514046386016, 0.6556514046386016, 0.6556514046386016, 0.6563918724784344, 0.6563918724784344, 0.6563918724784344, 0.6563918724784344, 0.6563918724784344, 0.6570218806380725, 0.6570218806380725, 0.6570218806380725, 0.6570218806380725, 0.6570218806380725, 0.6570218806380725, 0.6570218806380725, 0.6570218806380725, 0.6570218806380725, 0.6570218806380725, 0.6570218806380725, 0.6570218806380725, 0.6570218806380725, 0.6570218806380725, 0.6570218806380725, 0.6570218806380725, 0.6570218806380725, 0.6570218806380725, 0.6570218806380725, 0.6570218806380725, 0.6570218806380725, 0.6570218806380725, 0.6570218806380725, 0.6570218806380725, 0.6570218806380725, 0.6570218806380725, 0.6570218806380725, 0.6570218806380725, 0.6570218806380725, 0.6570218806380725, 0.6570218806380725, 0.6570218806380725, 0.6570218806380725, 0.6570218806380725, 0.6570218806380725, 0.6570218806380725, 0.6570218806380725, 0.6570218806380725, 0.6570218806380725, 0.6570218806380725, 0.6570218806380725, 0.6570218806380725, 0.6570218806380725, 0.6570218806380725, 0.6570218806380725, 0.6570218806380725, 0.6570218806380725, 0.6570218806380725, 0.6570218806380725, 0.6570218806380725, 0.6570218806380725, 0.6570218806380725, 0.6570218806380725, 0.6570218806380725, 0.6570218806380725, 0.6570218806380725, 0.6570218806380725, 0.6570218806380725, 0.6570218806380725, 0.6570218806380725, 0.6570218806380725, 0.6570218806380725, 0.6570218806380725, 0.6570218806380725, 0.6570218806380725, 0.6570218806380725, 0.6570218806380725, 0.6570218806380725, 0.6570218806380725, 0.6570218806380725, 0.6570218806380725]"
