seed,best_fitness,final_fitness,runtime,diversity,top_mofs,fitness_history
7,0.6569593336676167,0.6569593336676167,3.4274911880493164,0.0,"['ZOGBII', 'ZOGBII', 'ZOGBII', 'ZOGBII', 'ZOGBII']","[0.45504224811972116, 0.6365379594156834, 0.6470914596716826, 0.6508881972768321, 0.6560108367169878, 0.6560108367169878, 0.6560108367169878, 0.6560108367169878, 0.6560108367169878, 0.6560108367169878, 0.6560108367169878, 0.6560108367169878, 0.6560108367169878, 0.6560108367169878, 0.6560108367169878, 0.6560108367169878, 0.6560108367169878, 0.6562040989406486, 0.6562040989406486, 0.6562040989406486, 0.6562040989406486, 0.6562040989406486, 0.6562040989406486, 0.6562040989406486, 0.6563909633415895, 0.6563909633415895, 0.6563909633415895, 0.6563909633415895, 0.6563909633415895, 0.6563909633415895, 0.6563909633415895, 0.6563909633415895, 0.6563909633415895, 0.6563909633415895, 0.6563909633415895, 0.6563909633415895, 0.6563909633415895, 0.6563909633415895, 0.6563909633415895, 0.6563909633415895, 0.6563909633415895, 0.6563909633415895, 0.6563909633415895, 0.6563909633415895, 0.6563909633415895, 0.6563909633415895, 0.6563909633415895, 0.6563909633415895, 0.6563909633415895, 0.6563909633415895, 0.6563909633415895, 0.6563909633415895, 0.6563909633415895, 0.6563909633415895, 0.6563909633415895, 0.6563909633415895, 0.6563909633415895, 0.6563909633415895, 0.6563909633415895, 0.6563909633415895, 0.6563909633415895, 0.6563909633415895, 0.6563909633415895, 0.6563909633415895, 0.6563909633415895, 0.6563909633415895, 0.6563909633415895, 0.6563909633415895, 0.6563909633415895, 0.6563909633415895, 0.6563909633415895, 0.6563909633415895, 0.6563909633415895, 0.6563909633415895, 0.6563909633415895, 0.6563909633415895, 0.6564262583301229, 0.6569593336676167, 0.6569593336676167, 0.6569593336676167, 0.6569593336676167, 0.6569593336676167, 0.6569593336676167, 0.6569593336676167, 0.6569593336676167, 0.6569593336676167, 0.6569593336676167, 0.6569593336676167, 0.6569593336676167, 0.6569593336676167, 0.6569593336676167, 0.6569593336676167, 0.6569593336676167, 0.6569593336676167, 0.6569593336676167, 0.6569593336676167, 0.6569593336676167, 0.6569593336676167, 0.6569593336676167, 0.6569593336676167]"
