Refcode,pH,Docking_Score
GUQLOW,7.4,-7.969728179932925
GUQLOW,5.5,-6.687554220175371
GUQLOW,7.4,-5.351796857979734
GUQLOW,5.5,-7.844297169238073
GUQLOW,7.4,-7.426643871511992
GUQLOW,5.5,-7.069746384971735
